<?xml version="1.0"?>
<doc>
    <assembly>
        <name>Calin.LocalDbSqlite</name>
    </assembly>
    <members>
        <member name="T:Calin.LocalDbSqlite.SQLiteHelper">
            <summary>
            SQLite操作包裝。
            </summary>
        </member>
        <member name="M:Calin.LocalDbSqlite.SQLiteHelper.OpenConnection(System.String)">
            <inheritdoc/>
        </member>
        <member name="M:Calin.LocalDbSqlite.SQLiteHelper.OpenConnection(System.String,System.String)">
            <inheritdoc/>
        </member>
        <member name="M:Calin.LocalDbSqlite.SQLiteHelper.CreateDatabase(System.String,System.String)">
            <inheritdoc/>
        </member>
        <member name="M:Calin.LocalDbSqlite.SQLiteHelper.Close(System.Data.SQLite.SQLiteConnection)">
            <inheritdoc/>
        </member>
        <member name="M:Calin.LocalDbSqlite.SQLiteHelper.Vaccum(System.Data.SQLite.SQLiteConnection)">
            <inheritdoc/>
        </member>
        <member name="M:Calin.LocalDbSqlite.SQLiteHelper.CreateTable(System.Data.SQLite.SQLiteConnection,System.String)">
            <inheritdoc/>
        </member>
        <member name="M:Calin.LocalDbSqlite.SQLiteHelper.IsTableExist(System.Data.SQLite.SQLiteConnection,System.String)">
            <inheritdoc/>
        </member>
        <member name="M:Calin.LocalDbSqlite.SQLiteHelper.GetMaxValue(System.Data.SQLite.SQLiteConnection,System.String,System.String)">
            <inheritdoc/>
        </member>
    </members>
</doc>
