﻿{
  "ADGVSortDateTimeASC": "Ordina dal Meno Recente al Più Recente",
  "ADGVSortDateTimeDESC": "Ordina dal Più Recente al Menu Recente",
  "ADGVSortBoolASC": "Ordina per Falso/Vero",
  "ADGVSortBoolDESC": "Ordina per Vero/Falso",
  "ADGVSortNumASC": "Ordina dal più Piccolo al più Grande",
  "ADGVSortNumDESC": "Ordina dal più Grande al più Piccolo",
  "ADGVSortTextASC": "Ordina dalla А alla Z",
  "ADGVSortTextDESC": "Ordina dalla Z alla A",
  "ADGVAddCustomFilter": "Aggiungi un Filtro Personalizzato",
  "ADGVCustomFilter": "Filtro Personalizzato",
  "ADGVClearFilter": "Cancella il Filtro",
  "ADGVClearSort": "Cancella l\u0027Ordinamento",
  "ADGVButtonFilter": "Filtra",
  "ADGVButtonUndofilter": "Cancella",
  "ADGVNodeSelectAll": "(Seleziona Tutti)",
  "ADGVNodeSelectEmpty": "(Vuoti)",
  "ADGVNodeSelectTrue": "Vero",
  "ADGVNodeSelectFalse": "Falso",
  "ADGVFilterChecklistDisable": "La Lista Filtri è disabilitata",
  "ADGVEquals": "uguale",
  "ADGVDoesNotEqual": "differente",
  "ADGVEarlierThan": "precedente a",
  "ADGVEarlierThanOrEqualTo": "precedente o uguale a",
  "ADGVLaterThan": "successivo a",
  "ADGVLaterThanOrEqualTo": "successivo o uguale a",
  "ADGVBetween": "tra",
  "ADGVGreaterThan": "più grande di",
  "ADGVGreaterThanOrEqualTo": "più grande o uguale a",
  "ADGVLessThan": "più piccolo di",
  "ADGVLessThanOrEqualTo": "più piccolo o uguale a",
  "ADGVBeginsWith": "inizia con",
  "ADGVDoesNotBeginWith": "non inizia con",
  "ADGVEndsWith": "finisce con",
  "ADGVDoesNotEndWith": "non finisce con",
  "ADGVContains": "contiene",
  "ADGVDoesNotContain": "non contiene",
  "ADGVIncludeNullValues": "includi stringhe vuote",
  "ADGVInvalidValue": "Valore Non Valido",
  "ADGVFilterStringDescription": "Visualizza le righe con valore {0} \"{1}\"",
  "ADGVFormTitle": "Filtro Personalizzato",
  "ADGVLabelColumnNameText": "Visualizza le righe con valore",
  "ADGVLabelAnd": "E",
  "ADGVButtonOk": "OK",
  "ADGVButtonCancel": "Cancella",
  "ADGVSTBLabelSearch": "Cerca:",
  "ADGVSTBButtonFromBegin": "Dall\u0027Inizio",
  "ADGVSTBButtonCaseSensitiveToolTip": "Riconosci Maiuscole e Minuscole",
  "ADGVSTBButtonSearchToolTip": "Trova il Prossimo",
  "ADGVSTBButtonCloseToolTip": "Nascondi",
  "ADGVSTBButtonWholeWordToolTip": "Cerca solo Parole Intere",
  "ADGVSTBComboBoxColumnsAll": "(Tutte le Colonne)",
  "ADGVSTBTextBoxSearchToolTip": "Valore di Ricerca"
}
