﻿{
  "ADGVSortDateTimeASC": "Classificar do mais antigo para o mais recente",
  "ADGVSortDateTimeDESC": "Classificar do mais recente para o mais antigo",
  "ADGVSortBoolASC": "Classificar por Falso/Verdadeiro",
  "ADGVSortBoolDESC": "Classificar por Verdadeiro/Falso",
  "ADGVSortNumASC": "Classificar do menor para o maior",
  "ADGVSortNumDESC": "Classificar do maior para o menor",
  "ADGVSortTextASC": "Classificar de A a Z",
  "ADGVSortTextDESC": "Classificar de Z a A",
  "ADGVAddCustomFilter": "Adicionar um filtro personalizado",
  "ADGVCustomFilter": "Filtro personalizado",
  "ADGVClearFilter": "Limpar filtro",
  "ADGVClearSort": "Limpar classificação",
  "ADGVButtonFilter": "Filtro",
  "ADGVButtonUndofilter": "Cancelar",
  "ADGVNodeSelectAll": "(Selecionar Tudo)",
  "ADGVNodeSelectEmpty": "(Vazios)",
  "ADGVNodeSelectTrue": "Verdadeiro",
  "ADGVNodeSelectFalse": "Falso",
  "ADGVFilterChecklistDisable": "A lista de filtros está desativada",
  "ADGVEquals": "é igual a",
  "ADGVDoesNotEqual": "não é igual",
  "ADGVEarlierThan": "antes de",
  "ADGVEarlierThanOrEqualTo": "anterior ou igual a",
  "ADGVLaterThan": "mais tarde que",
  "ADGVLaterThanOrEqualTo": "posterior ou igual a",
  "ADGVBetween": "entre",
  "ADGVGreaterThan": "maior que",
  "ADGVGreaterThanOrEqualTo": "maior que ou igual a",
  "ADGVLessThan": "menor que",
  "ADGVLessThanOrEqualTo": "menor que ou igual a",
  "ADGVBeginsWith": "inicia com",
  "ADGVDoesNotBeginWith": "não inicia com",
  "ADGVEndsWith": "termina com",
  "ADGVDoesNotEndWith": "não termina com",
  "ADGVContains": "contém",
  "ADGVDoesNotContain": "não contém",
  "ADGVIncludeNullValues": "incluir strings vazias",
  "ADGVInvalidValue": "Valor inválido",
  "ADGVFilterStringDescription": "Mostrar linhas com valor {0} \"{1}\"",
  "ADGVFormTitle": "Filtro personalizado",
  "ADGVLabelColumnNameText": "Mostrar linhas com valor",
  "ADGVLabelAnd": "E",
  "ADGVButtonOk": "OK",
  "ADGVButtonCancel": "Cancelar",
  "ADGVSTBLabelSearch": "Procurar:",
  "ADGVSTBButtonFromBegin": "Inicio",
  "ADGVSTBButtonCaseSensitiveToolTip": "Case Sensitivity",
  "ADGVSTBButtonSearchToolTip": "Procurar próximo",
  "ADGVSTBButtonCloseToolTip": "Ocultar",
  "ADGVSTBButtonWholeWordToolTip": "Pesquisar apenas a palavra inteira",
  "ADGVSTBComboBoxColumnsAll": "(Todas as colunas)",
  "ADGVSTBTextBoxSearchToolTip": "Valor para pesquisa"
}
