﻿{
  "ADGVSortDateTimeASC": "Sorteer van Oud naar Nieuw",
  "ADGVSortDateTimeDESC": "Sorteer van Nieuw naar Oud",
  "ADGVSortBoolASC": "Sorteer op Vals/Waar",
  "ADGVSortBoolDESC": "Sorteer op Waar/Vals",
  "ADGVSortNumASC": "Sorteer van Laag naar Hoog",
  "ADGVSortNumDESC": "Sorteer van Hoog naar Laag",
  "ADGVSortTextASC": "Sorteer van А tot Z",
  "ADGVSortTextDESC": "Sorteer van Z tot A",
  "ADGVAddCustomFilter": "Voeg een Aangepaste Filter toe",
  "ADGVCustomFilter": "Aangepaste Filter",
  "ADGVClearFilter": "Verwijder Filter",
  "ADGVClearSort": "Verwijder Sorteren",
  "ADGVButtonFilter": "Filter",
  "ADGVButtonUndofilter": "Annuleer",
  "ADGVNodeSelectAll": "(Selecteer Allemaal)",
  "ADGVNodeSelectEmpty": "(Leeg)",
  "ADGVNodeSelectTrue": "Waar",
  "ADGVNodeSelectFalse": "Vals",
  "ADGVFilterChecklistDisable": "Filter lijst is uitgeschakeld",
  "ADGVEquals": "gelijk",
  "ADGVDoesNotEqual": "is niet gelijk aan",
  "ADGVEarlierThan": "vroeger dan",
  "ADGVEarlierThanOrEqualTo": "vroeger dan of gelijk aan",
  "ADGVLaterThan": "later dan",
  "ADGVLaterThanOrEqualTo": "later dan of gelijk aan",
  "ADGVBetween": "tussen",
  "ADGVGreaterThan": "groter dan",
  "ADGVGreaterThanOrEqualTo": "groter dan of gelijk aan",
  "ADGVLessThan": "kleiner dan",
  "ADGVLessThanOrEqualTo": "kleiner dan of gelijk aan",
  "ADGVBeginsWith": "begint met",
  "ADGVDoesNotBeginWith": "begint niet met",
  "ADGVEndsWith": "eindigt op",
  "ADGVDoesNotEndWith": "eindigt niet op",
  "ADGVContains": "bevat",
  "ADGVDoesNotContain": "bevat niet",
  "ADGVIncludeNullValues": "lege tekenreeksen bevatten",
  "ADGVInvalidValue": "Ongeldige Waarde",
  "ADGVFilterStringDescription": "Toont rijen waar de waarde {0} \"{1}\"",
  "ADGVFormTitle": "Aangepaste Filter",
  "ADGVLabelColumnNameText": "Toont rijen waar de waarde",
  "ADGVLabelAnd": "En",
  "ADGVButtonOk": "OK",
  "ADGVButtonCancel": "Annuleer",
  "ADGVSTBLabelSearch": "Zoek:",
  "ADGVSTBButtonFromBegin": "Vanaf Start",
  "ADGVSTBButtonCaseSensitiveToolTip": "Hoofdlettergevoelig",
  "ADGVSTBButtonSearchToolTip": "Vind volgende",
  "ADGVSTBButtonCloseToolTip": "Verberg",
  "ADGVSTBButtonWholeWordToolTip": "Zoek enkel Volledige Woorden",
  "ADGVSTBComboBoxColumnsAll": "(Alle Kolommen)",
  "ADGVSTBTextBoxSearchToolTip": "Waarde om te Zoeken"
}
