﻿{
  "ADGVSortDateTimeASC": "從舊到新排序",
  "ADGVSortDateTimeDESC": "從新到舊排序",
  "ADGVSortBoolASC": "從True到False排序",
  "ADGVSortBoolDESC": "從False到True排序",
  "ADGVSortNumASC": "從小到大排序",
  "ADGVSortNumDESC": "從大到小排序",
  "ADGVSortTextASC": "從 A 到 Z 排序",
  "ADGVSortTextDESC": "從 Z 到 A 排序",
  "ADGVAddCustomFilter": "新增自訂過濾器",
  "ADGVCustomFilter": "自訂過濾器",
  "ADGVClearFilter": "清除過濾器",
  "ADGVClearSort": "清除排序",
  "ADGVButtonFilter": "過濾器",
  "ADGVButtonUndofilter": "取消",
  "ADGVNodeSelectAll": "(全選)",
  "ADGVNodeSelectEmpty": "(空白)",
  "ADGVNodeSelectTrue": "True",
  "ADGVNodeSelectFalse": "False",
  "ADGVFilterChecklistDisable": "過濾器清單已停用",
  "ADGVEquals": "等於",
  "ADGVDoesNotEqual": "不等於",
  "ADGVEarlierThan": "早於",
  "ADGVEarlierThanOrEqualTo": "早於或等於",
  "ADGVLaterThan": "晚於",
  "ADGVLaterThanOrEqualTo": "晚於或等於",
  "ADGVBetween": "介於",
  "ADGVGreaterThan": "大於",
  "ADGVGreaterThanOrEqualTo": "大於或等於",
  "ADGVLessThan": "小於",
  "ADGVLessThanOrEqualTo": "小於或等於",
  "ADGVBeginsWith": "以...開頭",
  "ADGVDoesNotBeginWith": "不以...開頭",
  "ADGVEndsWith": "以...結束",
  "ADGVDoesNotEndWith": "不以...結尾",
  "ADGVContains": "包含",
  "ADGVDoesNotContain": "不包含",
  "ADGVIncludeNullValues": "包含空白字串",
  "ADGVInvalidValue": "無效值",
  "ADGVFilterStringDescription": "顯示值為 {0} \"{1}\" 的行",
  "ADGVFormTitle": "Title",
  "ADGVLabelColumnNameText": "顯示值為...的行",
  "ADGVLabelAnd": "與",
  "ADGVButtonOk": "確定",
  "ADGVButtonCancel": "取消",
  "ADGVSTBLabelSearch": "搜尋：",
  "ADGVSTBButtonFromBegin": "從第一筆開始",
  "ADGVSTBButtonCaseSensitiveToolTip": "區分大小寫",
  "ADGVSTBButtonSearchToolTip": "尋找下一個",
  "ADGVSTBButtonCloseToolTip": "隱藏",
  "ADGVSTBButtonWholeWordToolTip": "只搜尋整個單字",
  "ADGVSTBComboBoxColumnsAll": "(所有欄位)",
  "ADGVSTBTextBoxSearchToolTip": "搜尋值"
}