﻿{
  "ADGVSortDateTimeASC": "Sort Oldest to Newest",
  "ADGVSortDateTimeDESC": "Sort Newest to Oldest",
  "ADGVSortBoolASC": "Sort by False/True",
  "ADGVSortBoolDESC": "Sort by True/False",
  "ADGVSortNumASC": "Sort Smallest to Largest",
  "ADGVSortNumDESC": "Sort Largest to Smallest",
  "ADGVSortTextASC": "Sort А to Z",
  "ADGVSortTextDESC": "Sort Z to A",
  "ADGVAddCustomFilter": "Add a Custom Filter",
  "ADGVCustomFilter": "Custom Filter",
  "ADGVClearFilter": "Clear Filter",
  "ADGVClearSort": "Clear Sort",
  "ADGVButtonFilter": "Filter",
  "ADGVButtonUndofilter": "Cancel",
  "ADGVNodeSelectAll": "(Select All)",
  "ADGVNodeSelectEmpty": "(Blanks)",
  "ADGVNodeSelectTrue": "True",
  "ADGVNodeSelectFalse": "False",
  "ADGVFilterChecklistDisable": "Filter list is disabled",
  "ADGVEquals": "equals",
  "ADGVDoesNotEqual": "does not equal",
  "ADGVEarlierThan": "earlier than",
  "ADGVEarlierThanOrEqualTo": "earlier than or equal to",
  "ADGVLaterThan": "later than",
  "ADGVLaterThanOrEqualTo": "later than or equal to",
  "ADGVBetween": "between",
  "ADGVGreaterThan": "greater than",
  "ADGVGreaterThanOrEqualTo": "greater than or equal to",
  "ADGVLessThan": "less than",
  "ADGVLessThanOrEqualTo": "less than or equal to",
  "ADGVBeginsWith": "begins with",
  "ADGVDoesNotBeginWith": "does not begin with",
  "ADGVEndsWith": "ends with",
  "ADGVDoesNotEndWith": "does not end with",
  "ADGVContains": "contains",
  "ADGVDoesNotContain": "does not contain",
  "ADGVIncludeNullValues": "include empty strings",
  "ADGVInvalidValue": "Invalid Value",
  "ADGVFilterStringDescription": "Show rows where value {0} \"{1}\"",
  "ADGVFormTitle": "Custom Filter",
  "ADGVLabelColumnNameText": "Show rows where value",
  "ADGVLabelAnd": "And",
  "ADGVButtonOk": "OK",
  "ADGVButtonCancel": "Cancel",
  "ADGVSTBLabelSearch": "Search:",
  "ADGVSTBButtonFromBegin": "From Begin",
  "ADGVSTBButtonCaseSensitiveToolTip": "Case Sensitivity",
  "ADGVSTBButtonSearchToolTip": "Find Next",
  "ADGVSTBButtonCloseToolTip": "Hide",
  "ADGVSTBButtonWholeWordToolTip": "Search only Whole Word",
  "ADGVSTBComboBoxColumnsAll": "(All Columns)",
  "ADGVSTBTextBoxSearchToolTip": "Value for Search"
}
