﻿{
  "ADGVSortDateTimeASC": "Ordenar de más antiguo a más reciente",
  "ADGVSortDateTimeDESC": "Ordenar de más reciente a más antiguo",
  "ADGVSortBoolASC": "Ordenar por Falso/Verdadero",
  "ADGVSortBoolDESC": "Ordenar por Verdadero/Falso",
  "ADGVSortNumASC": "Ordenar de menor a mayor",
  "ADGVSortNumDESC": "Ordenar de mayor a menor",
  "ADGVSortTextASC": "Ordenar de la А a la Z",
  "ADGVSortTextDESC": "Ordenar de la Z a la A",
  "ADGVAddCustomFilter": "Añadir un filtro personalizado",
  "ADGVCustomFilter": "Filtro personalizado",
  "ADGVClearFilter": "Quitar filtro",
  "ADGVClearSort": "Quitar ordenamiento",
  "ADGVButtonFilter": "Filtro",
  "ADGVButtonUndofilter": "Cancelar",
  "ADGVNodeSelectAll": "(Seleccionar todos)",
  "ADGVNodeSelectEmpty": "(Campos en blanco)",
  "ADGVNodeSelectTrue": "Verdadero",
  "ADGVNodeSelectFalse": "Falso",
  "ADGVFilterChecklistDisable": "La lista de filtros está desactivada",
  "ADGVEquals": "es igual a",
  "ADGVDoesNotEqual": "no es igual a",
  "ADGVEarlierThan": "es anterior al",
  "ADGVEarlierThanOrEqualTo": "es anterior al o igual al",
  "ADGVLaterThan": "es posterior al",
  "ADGVLaterThanOrEqualTo": "es posterior al o igual al",
  "ADGVBetween": "esta entre",
  "ADGVGreaterThan": "es mayor que",
  "ADGVGreaterThanOrEqualTo": "es mayor que o igual a",
  "ADGVLessThan": "es menor que",
  "ADGVLessThanOrEqualTo": "es menor que o igual a",
  "ADGVBeginsWith": "empieza con",
  "ADGVDoesNotBeginWith": "no empieza con",
  "ADGVEndsWith": "termina con",
  "ADGVDoesNotEndWith": "no termina con",
  "ADGVContains": "contiene",
  "ADGVDoesNotContain": "no contiene",
  "ADGVIncludeNullValues": "incluir cadenas vacías",
  "ADGVInvalidValue": "Valor no válido",
  "ADGVFilterStringDescription": "Mostrar filas donde el valor {0} \"{1}\"",
  "ADGVFormTitle": "Filtro personalizado",
  "ADGVLabelColumnNameText": "Mostrar filas donde el valor",
  "ADGVLabelAnd": "Y",
  "ADGVButtonOk": "OK",
  "ADGVButtonCancel": "Cancelar",
  "ADGVSTBLabelSearch": "Buscar:",
  "ADGVSTBButtonFromBegin": "Desde el principio",
  "ADGVSTBButtonCaseSensitiveToolTip": "Distinguir mayúsculas y minúsculas",
  "ADGVSTBButtonSearchToolTip": "Encontrar siguiente",
  "ADGVSTBButtonCloseToolTip": "Ocultar",
  "ADGVSTBButtonWholeWordToolTip": "Buscar sólo la palabra completa",
  "ADGVSTBComboBoxColumnsAll": "(Todas las columnas)",
  "ADGVSTBTextBoxSearchToolTip": "Valor para la búsqueda"
}
