DeviceType,DeviceId,DeviceName,Brand,Model,SerialNumber,AssetId,Location,Position,Condition,Barcode,Connected,Remark
打壓機,B-1,打壓機,自製,,,無,本廠,2F高架,稼動中,,,554-P1(Mindman)
打壓機,B-2,打壓機,自製,,,無,本廠,2F高架,稼動中,,,554-P1/P2 Spacer(Mindman)
打壓機,B-3,打壓機,自製,,,無,本廠,2F高架,停動中,,,588-Holder(Mindman)
打壓機,B-4,打壓機,自製,,,無,本廠,2F高架,停動中,,,588-Retainer(Mindman)
打壓機,B-5,打壓機,自製,,,無,本廠,2F高架,停動中,,,112-02-G1(SMC)
打壓機,B-6,打壓機,自製,,,無,本廠,2F高架,停動中,,,(554) 置線邊
打壓機,B-7,打壓機,自製,,,無,本廠,2F高架,停動中,,,22001(Mindman)
打壓機,B-8,打壓機,自製,,,無,本廠,2F高架,停動中,,,296-前蓋(SMC)
打壓機,B-9,打壓機,自製,,,無,本廠,2F高架,停動中,,,296-P2(SMC)
打壓機,B-10,打壓機,自製,,,無,本廠,2F高架,停動中,,,450(SMC)
打壓機,B-11,打壓機,自製,,,無,本廠,2F高架,停動中,,,21028(Mindman)
打壓機,B-12,打壓機,自製,,,無,本廠,2F高架,停動中,,,試作組立(Mindman)
打壓機,B-13,打壓機,自製,,,無,本廠,2F高架,稼動中,,,570-前蓋(Mindman)
打壓機,B-14,打壓機,自製,,,無,本廠,2FPF室,稼動中,,,20056
打壓機,B-15,打壓機,自製,,,無,本廠,2F,稼動中,,,19003-G2
打壓機,B-16,打壓機,自製,,,無,本廠,2F,稼動中,,,19003-G1
打壓機,B-17,打壓機,自製,,,無,本廠,2F,稼動中,,,19003-G3
打壓機,B-18,打壓機,自製,,,無,本廠,2F,稼動中,,,568-G3
打壓機,B-19,打壓機,自製,,,無,本廠,2F,稼動中,,,281-VCM
打壓機,B-20,打壓機,自製,,,無,本廠,2F,稼動中,,,試作組立
打壓機,B-21,打壓機,自製,,,無,本廠,2F,稼動中,,,試作組立
打壓機,B-22,打壓機,自製,,,無,本廠,2F,稼動中,,,試作組立
打壓機,B-23,打壓機,自製,,,無,本廠,3F,稼動中,,,20019-FC
打壓機,B-24,打壓機,自製,,,無,本廠,3F,稼動中,,,19008-FC
打壓機,B-25,打壓機,自製,,,無,本廠,3F,稼動中,,,366-G8
打壓機,B-26,打壓機,自製,,,無,本廠,3F,稼動中,,,366-G2
打壓機,B-27,打壓機,自製,,,無,本廠,3F,稼動中,,,366-P1
打壓機,B-28,打壓機,自製,,,無,本廠,3F,稼動中,,,366-P1
打壓機,B-29,打壓機,自製,,,無,本廠,3F,稼動中,,,467-後群
打壓機,B-30,打壓機,自製,,,無,本廠,3F,稼動中,,,283-G3
打壓機,B-31,打壓機,自製,,,無,本廠,3F,稼動中,,,283-前蓋
打壓機,B-32,打壓機,自製,,,無,本廠,3F,停動中,,,155-G7
打壓機,B-33,打壓機,自製,,,無,本廠,3F,停動中,,,149
打壓機,B-34,打壓機,自製,,,無,本廠,3F,稼動中,,,21028…etc. 重工
打壓機,B-35,打壓機,自製,,,無,本廠,3F,稼動中,,,21028…etc. 重工
打壓機,B-36,打壓機,自製,,,無,本廠,3F,稼動中,,,21028…etc. 重工
打壓機,B-37,打壓機,自製,,,無,本廠,2F,RD檢討室,,,381-P2
打壓機,B-38,打壓機,自製,,,無,本廠,2F,RD檢討室,,,431
打壓機,B-39,打壓機,自製,,,無,本廠,2F,RD檢討室,,,381
打壓機,B-40,打壓機,自製,,,無,本廠,2F,RD檢討室,,,22033、22035 (側孔氣密檢測)
打壓機,B-41,打壓機,自製,,,無,本廠,2F,RD檢討室,,,22033、22035 (側孔氣密檢測)
打壓機,B-42,打壓機,自製,,,無,本廠,2F高架,稼動中,,,高架_試作線
打壓機,B-43,打壓機,自製,,,無,本廠,2F高架,停動中,,,20006 (置線邊)
打壓機,B-44,打壓機,自製,,,無,本廠,2F高架,稼動中,,,554-P1(Mindman)
打壓機,B-45,打壓機,自製,,,無,本廠,3F,停動中,,,19008-SP2(倉)
打壓機,B-46,打壓機,自製,,,無,本廠,3F,停動中,,,155-Gm4 打壓機
打壓機,B-47,打壓機,自製,,,無,本廠,3F,停動中,,,3F(倉)
打壓機,B-48,打壓機,自製,,,無,本廠,3F,停動中,,,3F(倉)
打壓機,B-49,打壓機,自製,,,無,本廠,3F,停動中,,,3F(倉)
打壓機,B-50,打壓機,自製,,,無,本廠,3F,停動中,,,3F(倉)
打壓機,B-51,打壓機,自製,,,無,本廠,3F,停動中,,,3F(倉)
打壓機,B-57,打壓機,自製,,,無,本廠,3F,停動中,,,21012-P3，P4輕型打壓機
打壓機,B-58,打壓機,自製,,,無,本廠,3F,停動中,,,132-06 打壓機(283、392線邊)
打壓機,B-52,逆插入機,自製,,,無,本廠,2F,RD檢討室,,,
打壓機,B-53,逆插入機,自製,,,無,本廠,3F,稼動中,,,459-G3
打壓機,B-54,逆插入機,自製,,,無,本廠,3F,稼動中,,,459-G2
打壓機,B-55,逆插入機,自製,,,無,本廠,3F,稼動中,,,453-G3(倉)
打壓機,B-56,逆插入機,自製,,,無,本廠,3F,停動中,,,133-G3(3F)
插入機,P-1,插入機,自製,,,無,本廠,2F高架,稼動中,,,570-G2、Spacer、G1(三合一)
插入機,P-2,插入機,自製,,,無,本廠,2F高架,稼動中,,,23021前群-P2、G1(二合一)
插入機,P-3,插入機,自製,,,無,本廠,2F高架,稼動中,,,23021後群-P4、Spacer(二合一)
插入機,P-4,插入機,自製,,,無,本廠,2F,停動中,,,20007-Gm2(單插)
插入機,P-5,插入機,自製,,,無,本廠,2F,停動中,,,20007-G3(單插)
插入機,P-6,插入機,自製,,,無,本廠,2F,停動中,,,20007-Gm4(單插)
插入機,P-7,插入機,自製,,,無,本廠,2F,停動中,,,20007-G56(單插)
插入機,P-8,插入機,自製,,,無,本廠,2F,停動中,,,20007-G1(單插)
插入機,P-9,插入機,自製,,,無,本廠,2F,停動中,,,20007-Gm7(單插)
插入機,P-10,插入機,自製,,,9-113-55-0012,本廠,2F,微小倉庫,,,22020-G56
插入機,P-11,插入機,自製,,,9-113-55-0013,本廠,2F,微小倉庫,,,22020-Gm4
插入機,P-12,插入機,自製,,,9-113-55-0014,本廠,2F,微小倉庫,,,22020-G3
插入機,P-13,插入機,自製,,,9-113-55-0015,本廠,2F,微小倉庫,,,22020-Gm2
插入機,P-14,插入機,自製,,,9-113-55-0016,本廠,2F,微小倉庫,,,22020-Gm7
插入機,P-15,插入機,自製,,,9-113-55-0017,本廠,2F,微小倉庫,,,22020-G1
插入機,P-16,插入機,自製,,,9-113-55-0002,本廠,2F,微小倉庫,,,577-Gm7
插入機,P-17,插入機,自製,,,9-113-55-0003,本廠,2F,微小倉庫,,,577-G56
插入機,P-18,插入機,自製,,,9-113-55-0004,本廠,2F,微小倉庫,,,577-G4
插入機,P-19,插入機,自製,,,9-113-55-0005,本廠,2F,微小倉庫,,,577-G23
插入機,P-20,插入機,自製,,,9-113-55-0006,本廠,2F,微小倉庫,,,577-Gm1
插入機,P-21,插入機,自製,,,9-113-55-0007,本廠,2F,微小倉庫,,,576-Gm4
插入機,P-22,插入機,自製,,,9-113-55-0008,本廠,2F,微小倉庫,,,576-G23
插入機,P-23,插入機,自製,,,9-113-55-0009,本廠,2F,微小倉庫,,,576-G1
插入機,P-24,插入機,自製,,,無,本廠,2F,微小倉庫,,,576-G56+G78 (2合1)
插入機,P-25,插入機,自製,,,9-113-55-0010,本廠,2F,微小倉庫,,,579-G56
插入機,P-26,插入機,自製,,,9-113-55-0011,本廠,2F,微小倉庫,,,579-Gm4
插入機,P-27,插入機,自製,,,無,本廠,2F,微小倉庫,,,579-Gm3
插入機,P-28,插入機,自製,,,無,本廠,2F,微小倉庫,,,579-G2
插入機,P-29,插入機,自製,,,無,本廠,3F,停動中,,,131-G1(單插)
插入機,P-30,插入機,自製,,,無,本廠,3F,停動中,,,131-Gm3、G2(二合一)
插入機,P-31,插入機,自製,,,無,本廠,3F,停動中,,,131-G45(二合一)
插入機,P-32,插入機,自製,,,無,本廠,3F,停動中,,,131-G1(單插)
插入機,P-33,插入機,自製,,,無,本廠,3F,稼動中,,,283-SOMA+P2、G1(二合一)
插入機,P-34,插入機,自製,,,無,本廠,3F,稼動中,,,283-P4、Spacer(二合一)
插入機,P-35,插入機,自製,,,無,本廠,3F,停動中,,,392-G3(單插)
插入機,P-36,插入機,自製,,,無,本廠,3F,停動中,,,不詳(單插)(238、392線邊)
插入機,P-37,插入機,自製,,,無,本廠,3F,稼動中,,,24301-P1(單插)
插入機,P-38,插入機,自製,,,無,本廠,3F,稼動中,,,24301-P7(三合一)
插入機,P-39,插入機,自製,,,無,本廠,3F,稼動中,,,24301-(四合一)
插入機,P-40,插入機,自製,,,無,本廠,3F,稼動中,,,24301-G3、Spacer、P2(三合一)
插入機,P-41,插入機,自製,,,無,本廠,3F,停動中,,,24301-G4、G56、G7(三合一)
插入機,P-42,插入機,自製,,,無,本廠,3F,停動中,,,155-G3(單插)
插入機,P-43,插入機,自製,,,無,本廠,3F,停動中,,,149-G7(單插)
插入機,P-44,插入機,自製,,,3-106-55-0012,本廠,3F,停動中,,,149-G8、Gm9(二合一)
插入機,P-45,插入機,自製,,,無,本廠,3F,停動中,,,271-G7/8/9、G6/Spacer、G45(三合一)
插入機,P-46,插入機,自製,,,無,本廠,3F,停動中,,,271-G3(單插)
插入機,P-47,插入機,自製,,,無,本廠,3F,停動中,,,271-G2(單插)
插入機,P-48,插入機,自製,,,無,本廠,3F,停動中,,,271-G10(單插)
插入機,P-49,插入機,自製,,,無,本廠,3F,停動中,,,273-G89、G7、G5、G4(四合一)
插入機,P-50,插入機,自製,,,無,本廠,3F,稼動中,,,459-P1(單插)
插入機,P-51,插入機,自製,,,無,本廠,3F,稼動中,,,459-G7/8/9、G6、G45(三合一)
插入機,P-52,插入機,自製,,,無,本廠,3F,稼動中,,,453-G7/8/9、G56、G4(三合一)
插入機,P-53,插入機,自製,,,無,本廠,2F,RD檢討室,,,23010
插入機,P-54,插入機,自製,,,無,本廠,2F高架,稼動中,,,570-G3
插入機,P-55,插入機,自製,,,3-108-55-0018,本廠,2F高架,停動中,,,296(4in1) (置線邊)
插入機,P-56,插入機,自製,,,無,本廠,2F高架,停動中,,,296(3in1) (置線邊)
插入機,P-57,插入機,自製,,,無,本廠,3F,停動中,,,155-Gm4 插入機
插入機,P-58,電動插入機,自製,,,3-108-55-0020,本廠,2F高架,稼動中,,,570後群-G56、Spacer、G4、G4 Retainer(九合一)
斜點膠機,S-1,簡易斜點膠機,自製(人機),,,9-110-54-0032,本廠,3F,稼動中,,,"131,4-FC，無膠針座組，無Y軸調整"
斜點膠機,S-2,簡易斜點膠機,自製(人機),,,無,本廠,3F,稼動中,,,"131,2-IR，無膠針座組，無Y軸調整"
斜點膠機,S-3,簡易斜點膠機,自製(人機),,,3-108-99-0100,本廠,2F,稼動中,,,19003-G3，有膠針座組，XYZ軸可調
斜點膠機,S-4,簡易斜點膠機,自製(人機),,,無,本廠,2F,試作線上,,,無膠針座組，無Y軸調整
斜點膠機,S-5,簡易斜點膠機,自製(無人機版，90°),,,無,本廠,2F,稼動中,,,(588)原381-RT，無膠針座組，XYZ軸可調
斜點膠機,S-6,簡易斜點膠機,,,,9-110-54-0029,本廠,3F,稼動中,,,467-G3，有膠針座組，計時器：60S
斜點膠機,S-7,簡易斜點膠機,,,,無,本廠,3F,稼動中,,,467-G3，有膠針座組，計時器：30S
斜點膠機,S-8,簡易斜點膠機,,,,9-110-54-0084,本廠,3F,稼動中,,,366-FC，有膠針座組，計時器：60S
斜點膠機,S-9,簡易斜點膠機,,,,9-110-54-0085,本廠,3F,稼動中,,,366-FC，有膠針座組，計時器：60S
斜點膠機,S-10,簡易斜點膠機,,,,無,本廠,3F,稼動中,,,132-07，計時器：30S
斜點膠機,S-11,簡易斜點膠機,,,,9-110-54-0087,本廠,3F,稼動中,,,132-07，有膠針座組，計時器：30S
斜點膠機,S-12,簡易斜點膠機,,,,無,本廠,3F,稼動中,,,(明哲版中壓式-13207)改UV照射，計時器：30S
斜點膠機,S-13,簡易斜點膠機,,,,9-110-54-0028,本廠,3F,稼動中,,,計時器：60S (24301)
斜點膠機,S-14,簡易斜點膠機,,,,無,本廠,3F,稼動中,,,21012-C，分段點膠，有膠針座組，計時器30S
斜點膠機,S-15,簡易斜點膠機,,,,無,本廠,3F,稼動中,,,(嘉惠)改UV照射，計時器：60S
斜點膠機,S-16,簡易斜點膠機,,,,9-110-54-0047,本廠,2F,稼動中,,,23073-MASK，改UV照射，計時器：30S
斜點膠機,S-17,簡易斜點膠機,,,,無,本廠,2F,稼動中,,,23073-MASK，Y軸可調
斜點膠機,S-18,簡易斜點膠機,,,,無,本廠,2F,稼動中,,,22020-改UV照射，計時器：30S
斜點膠機,S-19,簡易斜點膠機,,,,3-108-54-0011,本廠,2F,稼動中,,,22020-G1，計時器：30S
斜點膠機,S-20,簡易斜點膠機,,,,無,本廠,2F,稼動中,,,568-FC，有膠針座組，計時器：30S
斜點膠機,S-21,簡易斜點膠機,,,,無,本廠,2F,稼動中,,,19003-FC，有膠針座組，計時器：60S
斜點膠機,S-22,簡易斜點膠機,,,,無,本廠,2F,稼動中,,,20006-G7，有膠針座組，計時器：30S
斜點膠機,S-23,簡易斜點膠機,,,,無,本廠,2F,稼動中,,,585-FC 改UV照射，計時器：60S
斜點膠機,S-24,簡易斜點膠機,,,,9-110-54-0086,本廠,2F,稼動中,,,588-G34，有膠針座組，計時器：60S
斜點膠機,S-25,簡易斜點膠機,,,,無,本廠,2F,稼動中,,,572-G1，Y軸可調，計時器：60S
斜點膠機,S-26,簡易斜點膠機,,,,9-110-54-0088,本廠,2F,稼動中,,,417-Gm1，有膠針座組，計時器30S，Y軸可調
斜點膠機,S-27,簡易斜點膠機,,,,無,本廠,2FPF,稼動中,,,22055
斜點膠機,S-28,簡易斜點膠機,,,,無,本廠,2FPF,稼動中,,,22055
斜點膠機,S-29,簡易斜點膠機,,,,無,本廠,2F高架,停動中,,,原19003-G3SP點膠(已改中壓斜點)，XYZ可調，膠針組
斜點膠機,CPU-01,中壓斜點膠機,自製,,,3-108-54-0010,本廠,3F,稼動中,,,原579-G1，無XYZ滑台，有膠針座組
斜點膠機,CPU-02,中壓斜點膠機,,,,3-108-54-0012,本廠,2F,稼動中,,,568-G1，無XYZ滑台&膠針座組
斜點膠機,CPU-03,中壓斜點膠機,,,,3-108-54-0011,本廠,2F,稼動中,,,570-G1RT，無XYZ滑台，有90°膠針座組
斜點膠機,CPU-04,中壓斜點膠機,,,,3-109-54-0025,本廠,2F,稼動中,,,588-Holder，無XYZ滑台&膠針座組
斜點膠機,CPU-05,中壓斜點膠機,,,,3-109-54-0017,本廠,2F,稼動中,,,554-P1，人機在電控箱版(尚未改)
斜點膠機,CPU-06,中壓斜點膠機,,,,3-109-54-0019,本廠,2F,稼動中,,,554-P1，人機在電控箱版(尚未改)
斜點膠機,CPU-07,中壓斜點膠機,,,,3-109-54-0018,本廠,2F,稼動中,,,554-FC，人機在電控箱版(尚未改)
斜點膠機,CPU-08,中壓斜點膠機,,,,3-109-54-0016,本廠,2F,稼動中,,,554-FC，人機在電控箱版(尚未改)
斜點膠機,CPU-09,中壓斜點膠機,,,,3-110-54-0028,本廠,2F,稼動中,,,588-IR，人機在電控箱版(尚未改)
斜點膠機,CPU-10,中壓斜點膠機,,,,3-110-54-0029,本廠,2F,稼動中,,,568-G2，人機在電控箱版(改造OK)
斜點膠機,CPU-11,中壓斜點膠機,,,,3-110-54-0030,本廠,2F,稼動中,,,19003-G1，人機在電控箱版(改造OK)
斜點膠機,CPU-13,中壓斜點膠機,,,,3-113-54-0035,本廠,2F,微小倉庫,,,S社：577-BG，人機治具台上(3D版)，有膠針座組
斜點膠機,CPU-14,中壓斜點膠機,,,,3-113-26-0020,本廠,2F,稼動中,,,"19003-AS5,6，568-AS4，可多段點膠"
斜點膠機,CPU-15,中壓斜點膠機,,,,3-113-26-0022,本廠,2F,微小倉庫,,,S社：577-FC，人機治具台上，有膠針座組
斜點膠機,CPU-16,中壓斜點膠機,,,,3-113-26-0023,本廠,2F,微小倉庫,,,S社：576-FC，人機治具台上，有膠針座組
斜點膠機,CPU-17,中壓斜點膠機,,,,無,本廠,2F,稼動中,,,19003-G3SP，人機在電台上
斜點膠機,CPU-18,中壓斜點膠機,,,,3-113-26-0021,本廠,2F,稼動中,,,568-G1，人機在電台上
斜點膠機,CPU-19,中壓斜點膠機,,,,無,本廠,2F,稼動中,,,19003-G1，人機在電台上
斜點膠機,CPU-20,中壓斜點膠機,,,,3-113-26-0024,本廠,2F,稼動中,,,19003-G3，人機在電台上
斜點膠機,CPU-12,W社中壓斜點膠機,自製,,,C-111-02-0046,本廠,2F高架,稼動中,,,561-BG，有膠針座組
桌上型點膠機,T-01,DT 三軸Table,點膠科技,DT-200T,200T1026,9-101-54-0009,本廠,2F,稼動中,,,585-G2RT、G4RT
桌上型點膠機,T-02,DT 三軸Table,點膠科技,DT-200T,200T1029,9-102-54-0013,本廠,2F,稼動中,,,563-SP3、G5、BG
桌上型點膠機,T-03,DT 三軸Table,點膠科技,DT-200T,200T1027,9-101-54-0011,本廠,3F,稼動中,,,22009-FC，133-RT
桌上型點膠機,T-04,DT 三軸Table,點膠科技,DT-200T,200T1024,9-101-54-0002,本廠,3F,稼動中,,,260-FC
桌上型點膠機,T-05,DT 三軸Table,點膠科技,DT-200T,200T1025,9-101-54-0004,本廠,3F,稼動中,,,392-G3，283-G3
桌上型點膠機,T-06,DT 三軸Table,點膠科技,DT-200T,200T1028,9-101-54-0010,本廠,3F,稼動中,,,283-IR、FC，392-IR、FC
桌上型點膠機,T-07,DT 三軸Table,點膠科技,DT-200T,200T1014,9-101-54-0006,本廠,3F,稼動中,,,UV：283-IR、FC，392-IR、FC
桌上型點膠機,T-08,DT 三軸Table,點膠科技,DT-200F,2002624,3-104-99-0047,本廠,3F,稼動中,,,260-FC、IR
桌上型點膠機,T-09,DT 三軸Table,點膠科技,DT-200F,2003094,無,本廠,2F,稼動中,,,572-G1、CG
桌上型點膠機,T-10,DT 三軸Table,點膠科技,DT-200F,2003173,9-107-54-0019,本廠,2F,稼動中,,,576(77)-BG，568-FC
桌上型點膠機,T-11,DT 三軸Table,點膠科技,DT-200F,2003250,3-108-54-0009,本廠,2F,稼動中,,,570-Gm8RT
桌上型點膠機,T-12,DT 三軸Table,點膠科技,DT-200F,2003250,3-108-54-0008,本廠,2F,稼動中,,,561-G1、G1RT
桌上型點膠機,T-13,554 IR點膠Table(三軸),點膠科技,DT-200T,200T1016,9-101-54-0001,本廠,2F,稼動中,,,554-IR
桌上型點膠機,T-14,554 IR點膠Table(三軸),點膠科技,DT-200T,200T1032,9-102-54-0012,本廠,2F,稼動中,,,555-IR
桌上型點膠機,T-15,ACT 三軸Table,稼動科技,AF-320,320S035,尚未有,本廠,3F,稼動中,,,24301-P1
桌上型點膠機,T-16,ACT 三軸Table,稼動科技,AF-320,320S036,尚未有,本廠,3F,稼動中,,,24301-P2
桌上型點膠機,T-17,ACT 三軸Table,稼動科技,AF-320,320S037,尚未有,本廠,3F,稼動中,,,24301-P7
桌上型點膠機,T-18,lihsi 三軸Table,立璽(LIHSI),LH-200T,2002204124,3-111-54-0032,本廠,2F,稼動中,,,19003-G2
桌上型點膠機,T-19,lihsi 三軸Table,立璽(LIHSI),LH-201T,2002204125,3-111-54-0033,本廠,2F,稼動中,,,570-G7RT
桌上型點膠機,T-20,lihsi 三軸Table,立璽(LIHSI),LH-202T,2002204126,3-111-54-0031,本廠,3F,稼動中,,,21028-IR
桌上型點膠機,T-21,聲遠 三軸Table,點膠科技,,FV-14105,3-109-54-0013,本廠,2F,稼動中,,,281-MOUNT
桌上型點膠機,T-22,聲遠 三軸Table,點膠科技,,FV-14101,3-109-54-0014,本廠,2F,稼動中,,,281-IR
桌上型點膠機,T-23,W社 DT 五軸Table,點膠科技,DT-320SV (ZZT_SPEN-M30),320S013,C-11-02-0009,本廠,2F,稼動中,,,570-G3RT
桌上型點膠機,T-24,W社 DT 五軸Table,點膠科技,DT-320SV (ZZT_SPEN-M30),320S014,C-11-02-0010,本廠,2F,稼動中,,,570-G4RT
桌上型點膠機,T-25,W社 DT 五軸Table,點膠科技,DT-320SV (ZZT_SPEN-M30),320S015,C-11-02-0011,本廠,2F,稼動中,,,561-G2RT
桌上型點膠機,T-26,W社 DT 五軸Table,點膠科技,DT-320SV (ZZT_SPEN-M30),320S016,C-11-02-0012,本廠,2F,稼動中,,,561-56RT、G4、G4RT
桌上型點膠機,T-27,W社 DT 五軸Table,點膠科技,DT-320SV (ZZT_SPEN-M30),320S017,C-11-02-0013,本廠,2F,稼動中,,,561-Gm9RT、G78RT
桌上型點膠機,T-28,DT 三軸Table,點膠科技,DT-200F,,,本廠,2F,稼動中,,,23073-Holder、563-SP3
桌上型點膠機,T-29,W社 lihsi影像式三軸Table,立璽(LIHSI),Smart-Eye,,C-110-02-0034,本廠,2F,稼動中,,,570-BG
中壓式熔著機,H-1,中壓式熔著機,高興易,,,無,本廠,2F高架,停動中,,,450-P2
中壓式熔著機,H-2,中壓式熔著機,高興易,,,9-107-99-0086,本廠,2F,RD檢討室,,,
中壓式熔著機,H-3,中壓式熔著機,高興易,,,無,本廠,2F,RD檢討室,,,381-IR
中壓式熔著機,H-4,中壓式熔著機,高興易,,,3-109-99-0065,本廠,2F,RD檢討室,,,381-IR
中壓式熔著機,H-5,中壓式熔著機,高興易,,,無,本廠,2F,RD檢討室,,,
中壓式熔著機,H-6,中壓式熔著機,高興易,,,無,本廠,3F,停動中,,,162-G1
中壓式熔著機,H-7,中壓式熔著機,高興易,,,無,本廠,3F,停動中,,,155-G7
中壓式熔著機,H-8,中壓式熔著機,高興易,,,無,本廠,3F,停動中,,,155-G3
中壓式熔著機,H-9,中壓式熔著機,高興易,,,無,本廠,3F,停動中,,,149-Gm9
中壓式熔著機,H-10,中壓式熔著機,高興易,,,無,本廠,3F,停動中,,,149-Gm4
中壓式熔著機,H-11,中壓式熔著機,高興易,,,無,本廠,3F,停動中,,,149-G1
中壓式熔著機,H-12,中壓式熔著機,高興易,,,無,本廠,3F,停動中,,,271-G3
中壓式熔著機,H-13,中壓式熔著機,高興易,,,無,本廠,3F,停動中,,,273-G3
中壓式熔著機,H-14,中壓式熔著機,高興易,,,3-107-99-0067,本廠,3F,稼動中,,,453-G3
中壓式熔著機,H-15,中壓式熔著機,高興易,,,無,本廠,3F,停動中,,,361-3F(倉)
中壓式熔著機,H-16,中壓式熔著機,高興易,,,無,本廠,3F,停動中,,,361-3F(倉)
中壓式熔著機,H-17,中壓式熔著機,,,,,,,,,,
中壓式熔著機,H-18,中壓式熔著機,,,,,,,,,,
中壓式熔著機,H-19,中壓式熔著機(高興易改),高興易,,,3-108-99-0091,本廠,3F,稼動中,,,459-G3
中壓式熔著機,H-20,中壓式熔著機(高興易改),高興易,,,無,本廠,2F高架,稼動中,,,563-G1
中壓式熔著機,H-21,中壓式熔著機(高興易改),高興易,,,無,本廠,2F高架,停動中,,,450-G1
中壓式熔著機,H-22,中壓式熔著機(高興易改),高興易,,,3-106-99-0063,本廠,3F,稼動中,,,20019-G1(3號機)
中壓式熔著機,H-23,中壓式熔著機(高興易改),高興易,,,3-107-99-0066,本廠,3F,稼動中,,,20019-G1(2號機)
中壓式熔著機,H-24,中壓式熔著機(高興易改),高興易,,,3-107-99-0076,本廠,3F,稼動中,,,20019-G1(1號機)
中壓式熔著機,H-25,中壓式熔著機(高興易改),高興易,,,3-107-99-0066,本廠,2F,RD檢討室,,,20019-G1 (4號機)
中壓式熔著機,H-26,中壓式熔著機(高興易改),高興易,,,3-107-99-0065,本廠,2F高架,停動中,,,高架試作線(20019-G1，5號機)
21039自動線,SS-1,21039自動組裝熔著線,衫綺,,SQ01-001A-H11,3-108-99-0085,本廠,3F,稼動中,,,生產線一-G34
21040自動線,SS-2,21040自動組裝熔著線,衫綺,,SQ01-001A-H12,3-108-99-0088,本廠,3F,稼動中,,,生產線二-G34
21041自動線,SS-3,21041自動組裝熔著線,衫綺,,SQ01-001A-H21,3-108-99-0086,本廠,3F,稼動中,,,生產線一-G5
21042自動線,SS-4,21042自動組裝熔著線,衫綺,,SQ01-001A-H22,3-108-99-0089,本廠,3F,稼動中,,,生產線二-G5
21043自動線,SS-5,21043自動組裝熔著線,衫綺,,SQ01-001A-H31,3-108-99-0087,本廠,3F,稼動中,,,生產線一-G2
21044自動線,SS-6,21044自動組裝熔著線,衫綺,,SQ01-001A-H32,3-108-99-0090,本廠,3F,稼動中,,,生產線二-G2
21043自動線,SS-7,21039自動線旋入機,衫綺,,SQ01-001A-R01,3-108-55-0017,本廠,3F,稼動中,,,大圓盤-P1、P6
UV照射機,UV-1,組立自製UV照射機,自製,,,9-109-26-0018,本廠,2F高架,稼動中,,,554-IR
UV照射機,UV-2,組立自製UV照射機,自製,,,9-109-26-0016,本廠,2F高架,稼動中,,,554-FC
UV照射機,UV-3,組立自製UV照射機,自製,,,9-109-26-0017,本廠,2F高架,稼動中,,,554-P1
UV照射機,UV-4,組立自製UV照射機,自製,,,無,本廠,2F高架,停動中,,,588-IR
UV照射機,UV-5,組立自製UV照射機,自製,,,C-109-02-0005,本廠,2F高架,稼動中,,,572-G23、G1、419、417、421
UV照射機,UV-6,組立自製UV照射機,自製,,,無,本廠,2F高架,停動中,,,563-Spacer
UV照射機,UV-7,組立自製UV照射機,自製,,,9-113-99-0179,本廠,2F高架,停動中,,,296
UV照射機,,組立自製UV照射機,,,,9-110-26-0025,,,,,,
UV照射機,UV-8,組立自製UV照射機,自製,,,9-109-26-0010,本廠,2F高架,稼動中,,,試作組立
UV照射機,UV-9,組立自製UV照射機,自製,,,9-109-26-0008,本廠,2F高架,稼動中,,,試作組立
UV照射機,UV-10,組立自製UV照射機,自製,,,9-109-26-0009,本廠,2F高架,稼動中,,,575-多工站共用
UV照射機,UV-11,組立自製UV照射機,自製,,,C-110-02-0032,本廠,2F高架,稼動中,,,570-G7 Retainer
UV照射機,UV-12,組立自製UV照射機,自製,,,C-110-02-0030,本廠,2F高架,稼動中,,,570-G4、G3
UV照射機,UV-13,組立自製UV照射機,自製,,,C-110-02-0036,本廠,2F高架,稼動中,,,570-BG、G8 Retainer
UV照射機,UV-14,組立自製UV照射機,自製,,,C-110-02-0031,本廠,2F高架,稼動中,,,561-多工站共用
UV照射機,UV-15,組立自製UV照射機,自製,,,C-110-02-0033,本廠,2F高架,稼動中,,,561-G23 Retainer、G1、G1 Retainer
UV照射機,UV-16,組立自製UV照射機,自製,,,C-110-02-0035,本廠,2F高架,稼動中,,,561-CG
UV照射機,UV-17,組立自製UV照射機,自製,,,無,本廠,2F,稼動中,,,19003-G3 Spacer
UV照射機,UV-18,組立自製UV照射機,自製,,,9-113-99-0179,本廠,2F,稼動中,,,19003-FC
UV照射機,,組立自製UV照射機,,,,9-110-26-0026,,,,,,
UV照射機,UV-19,組立自製UV照射機,自製,,,無,本廠,2F,稼動中,,,19003-G8
UV照射機,UV-20,組立自製UV照射機,自製,,,無,本廠,2F,稼動中,,,19003-G3
UV照射機,UV-21,組立自製UV照射機,自製,,,3-108-99-0108,本廠,2F,稼動中,,,568-G2
UV照射機,UV-22,組立自製UV照射機,自製,,,3-108-99-0102,本廠,2F,稼動中,,,568-FC
UV照射機,UV-23,組立自製UV照射機,自製,,,3-113-26-0027,本廠,2F,稼動中,,,568-G4 StopSoma
UV照射機,UV-24,組立自製UV照射機,自製,,,無,本廠,2F,稼動中,,,281-FC-1號機
UV照射機,UV-25,組立自製UV照射機,自製,,,無,本廠,2F,稼動中,,,281-FC-2號機
UV照射機,UV-26,組立自製UV照射機,自製,,,3-113-26-0026,本廠,2F,停動中,,,579-G1
UV照射機,UV-27,組立自製UV照射機,自製,,,無,本廠,2F, ,,,22020
UV照射機,UV-28,組立自製UV照射機,自製,,,無,本廠,2F,停動中,,,22020-G2 Retainer、G7
UV照射機,UV-29,組立自製UV照射機,自製,,,無,本廠,2F,停動中,,,S社
UV照射機,UV-30,組立自製UV照射機,自製,,,9-109-26-0011,本廠,2F,稼動中,,,試作組立
UV照射機,UV-31,組立自製UV照射機,自製,,,無,本廠,2F,微小倉庫,,,
UV照射機,UV-32,組立自製UV照射機,自製,,,無,本廠,2F,微小倉庫,,,
UV照射機,UV-33,組立自製UV照射機,自製,,,無,本廠,2F,微小倉庫,,,
UV照射機,UV-34,組立自製UV照射機,自製,,,9-110-26-0024,本廠,3F,稼動中,,,20049-FC
UV照射機,UV-35,組立自製UV照射機,自製,,,9-109-26-0014,本廠,3F,稼動中,,,19008-FC、IR
UV照射機,UV-36,組立自製UV照射機,自製,,,無,本廠,3F,稼動中,,,467-G3
UV照射機,UV-37,組立自製UV照射機,自製,,,9-110-26-0022,本廠,3F,稼動中,,,467-Retainer
UV照射機,UV-38,組立自製UV照射機,自製,,,無,本廠,3F,稼動中,,,20049
UV照射機,UV-39,組立自製UV照射機,自製,,,9-110-26-0023,本廠,3F,稼動中,,,366-Retainer、IR
UV照射機,UV-40,組立自製UV照射機,自製,,,無,本廠,3F,稼動中,,,366-Retainer、IR
UV照射機,UV-41,組立自製UV照射機,自製,,,9-110-26-0019,本廠,3F,稼動中,,,366-Retainer、IR
UV照射機,UV-42,組立自製UV照射機,自製,,,無,本廠,3F,稼動中,,,283-G3
UV照射機,UV-43,組立自製UV照射機,自製,,,無,本廠,3F,停動中,,,131
UV照射機,UV-44,組立自製UV照射機,自製,,,9-108-26-0005,本廠,3F,停動中,,,260-前蓋+IR
UV照射機,UV-45,組立自製UV照射機,自製,,,無,本廠,3F,停動中,,,562-FC(點光源+斜點膠機)
UV照射機,UV-46,組立自製UV照射機,自製,,,3-106-26-0009,本廠,3F,停動中,,,21012
UV照射機,UV-47,組立自製UV照射機,自製,,,9-110-26-0020,本廠,3F,稼動中,,,21028-FC
UV照射機,UV-48,組立自製UV照射機,自製,,,9-110-26-0021,本廠,3F,稼動中,,,20052-半成品
UV照射機,UV-49,組立自製UV照射機,自製,,,無,本廠,3F,停動中,,,155-P1
UV照射機,UV-50,組立自製UV照射機,自製,,,無,本廠,3F,稼動中,,,459-P1
UV照射機,UV-51,組立自製UV照射機,自製,,,9-109-26-0012,本廠,3F,稼動中,,,19008
UV照射機,UV-52,隧道式UV照射機,勛凱,,100200702,3-107-26-0012,本廠,2F,稼動中,,,微小_281
UV照射機,UV-53,隧道式UV照射機,勛凱,,,9-113-26-0027,本廠,3F,稼動中,,,19008
UV照射機,UV-54,隧道式UV照射機,勛凱,,,9-109-26-0013,本廠,3F,稼動中,,,279
UV照射機,UV-55,隧道式UV照射機,勛凱,,,3-110-26-0016,本廠,3F,稼動中,,,20052
UV照射機,UV-56,USHIO_SP-9,USHIO,SP-9-250DB,0611079N,3-96-41-0002,本廠,3F,稼動中,,,283 & 392 (FC & IR) UV照射
UV照射機,UV-57,USHIO_SP-10,USHIO,SP-9-250DB,0611085N,無,本廠,2F,稼動中,,,RD檢討室
UV照射機,UV-58,USHIO_SP-11,USHIO,SP-9-250DB,0501170H,3-94041-0001,本廠,3F,停動中,,,(倉)燈泡NG？
UV照射機,UV-59,USHIO_SP-12,USHIO,SP-7-250DB,0604032N,無,本廠,3F,停動中,,,(倉)燈泡NG？
UV照射機,UV-60,USHIO_SP-13,USHIO,SP-6-250U,0105021N,無,本廠,3F,停動中,,,(倉)燈泡NG？
UV照射機,UV-61,自動化改造UV照射機,自製,,,無,本廠,2F,稼動中,,,19003-G2
UV照射機,UV-62,自動化改造UV照射機,自製,,,無,本廠,3F,稼動中,,,24301-P1
UV照射機,UV-63,自動化改造UV照射機,自製,,,無,本廠,3F,稼動中,,,24301-P7
UV照射機,UV-64,自動化改造UV照射機,自製,,,無,本廠,3F,稼動中,,,24301-P2
氣動式出膠機,AD-1,氣動式出膠機,KGN,SM-CX,,無,本廠,2F,微小倉庫,,,
氣動式出膠機, ,氣動式出膠機,KGN,SM-CX,,9-110-54-0061,本廠,2F,微小倉庫,,,
氣動式出膠機,AD-3,氣動式出膠機,KGN,SM-CX,,9-110-54-0112,本廠,2F,微小倉庫,,,
氣動式出膠機,AD-4,氣動式出膠機,KGN,SM-CX,,9-110-54-0163,本廠,2F,微小倉庫,,,
氣動式出膠機,AD-5,氣動式出膠機,KGN,SM-CX,,9-110-54-0082,本廠,2F,微小倉庫,,,
氣動式出膠機,AD-6,氣動式出膠機,KGN,SM-CX,,無,本廠,2F,稼動中,,,281
氣動式出膠機,AD-7,氣動式出膠機,KGN,SM-CX,,9-110-54-0115,本廠,2F,稼動中,,,281
氣動式出膠機,AD-8,氣動式出膠機,KGN,SM-CX,,9-110-54-0108,本廠,2F,稼動中,,,281
氣動式出膠機,AD-9,氣動式出膠機,KGN,SM-CX,,9-110-54-0109,本廠,2F,稼動中,,,281
氣動式出膠機,AD-10,氣動式出膠機,KGN,SM-CX,,9-110-54-0023,本廠,2F,稼動中,,,19003
氣動式出膠機,AD-11,氣動式出膠機,KGN,SM-CX,,9-110-54-0045,本廠,2F高架,停動中,,,296
氣動式出膠機,AD-12,氣動式出膠機,KGN,SM-CX,,9-110-54-0042,本廠,2F高架,稼動中,,,563
氣動式出膠機,AD-13,氣動式出膠機,KGN,SM-CX,,9-110-54-0037,本廠,2F高架,稼動中,,,563
氣動式出膠機,AD-14,氣動式出膠機,KGN,SM-CX,,9-110-54-0073,本廠,3F,稼動中,,,153
氣動式出膠機,AD-15,氣動式出膠機,KGN,SM-CX,,9-110-54-0106,本廠,3F,稼動中,,,21028
氣動式出膠機,AD-16,氣動式出膠機,KGN,SM-CX,,9-110-54-0113,本廠,3F,稼動中,,,21028
氣動式出膠機,AD-17,氣動式出膠機,KGN,SM-CX,,9-110-54-0075,本廠,3F,稼動中,,,22001
氣動式出膠機,AD-18,氣動式出膠機,KGN,SM-CX,,9-110-54-0063,本廠,3F,稼動中,,,22001
氣動式出膠機,AD-19,氣動式出膠機,KGN,SM-CX,,無,本廠,3F,稼動中,,,133
氣動式出膠機,AD-20,氣動式出膠機,KGN,SM-CX,,9-110-54-0057,本廠,2F高架,稼動中,,,417-G1
氣動式出膠機,AD-21,氣動式出膠機,KGN,SM-CX,,9-110-54-0055,本廠,2F高架,稼動中,,,588-RT
氣動式出膠機,AD-22,氣動式出膠機,KGN,SM-CX,,9-110-54-0037,本廠,2F高架,稼動中,,,563(對面)
氣動式出膠機,AD-23,氣動式出膠機,KGN,SM-CX,,9-110-54-0138,本廠,2F高架,稼動中,,,561-手點
氣動式出膠機,AD-24,氣動式出膠機,KGN,SM-CX,,無,本廠,2F高架,稼動中,,,561-氣孔
氣動式出膠機,AD-25,氣動式出膠機,KGN,SM-CX,,9-110-54-0114,本廠,2FPF,稼動中,,,20055
氣動式出膠機,AD-26,氣動式出膠機,KGN,SM-EX,,9-110-54-6135,本廠,2F,微小倉庫,,,
氣動式出膠機,AD-27,氣動式出膠機,KGN,SM-EX,,9-110-54-0111,本廠,2F,微小倉庫,,,
氣動式出膠機,AD-28,氣動式出膠機,KGN,SM-EX,,無,本廠,2F,微小倉庫,,,
氣動式出膠機,AD-29,氣動式出膠機,KGN,SM-EX,,無,本廠,2F,稼動中,,,281
氣動式出膠機,AD-30,氣動式出膠機,KGN,SM-EX,,無,本廠,2F,稼動中,,,281
氣動式出膠機,AD-31,氣動式出膠機,KGN,SM-EX,,無,本廠,2F,稼動中,,,281
氣動式出膠機,AD-32,氣動式出膠機,KGN,SM-EX,,9-110-54-0104,本廠,2F,稼動中,,,281
氣動式出膠機,AD-33,氣動式出膠機,KGN,SM-EX,,9-110-54-0105,本廠,2F,稼動中,,,281
氣動式出膠機,AD-34,氣動式出膠機,KGN,SM-EX,,9-110-54-0072,本廠,2F,稼動中,,,20007
氣動式出膠機,AD-35,氣動式出膠機,KGN,SM-EX,,9-110-54-0074,本廠,2F,稼動中,,,20007
氣動式出膠機,AD-36,氣動式出膠機,KGN,SM-EX,,9-110-54-0080,本廠,2F,稼動中,,,20007
氣動式出膠機,AD-37,氣動式出膠機,KGN,SM-EX,,9-110-54-0052,本廠,2F,稼動中,,,19003-FC
氣動式出膠機,AD-38,氣動式出膠機,KGN,SM-EX,,9-110-54-0039,本廠,2F,稼動中,,,568-G1
氣動式出膠機,AD-39,氣動式出膠機,KGN,SM-EX,,無,本廠,2F高架,稼動中,,,23073-Holder、563-SP3
氣動式出膠機,AD-40,氣動式出膠機,KGN,SM-EX,,無,本廠,2F高架,停動中,,,585-G2、G4
氣動式出膠機,AD-41,氣動式出膠機,KGN,SM-EX,,9-110-54-0038,本廠,2F高架,稼動中,,,554
氣動式出膠機,AD-42,氣動式出膠機,KGN,SM-EX,,無,本廠,2F高架,稼動中,,,554-FC
氣動式出膠機,AD-43,氣動式出膠機,KGN,SM-EX,,9-110-54-0031,本廠,3F,稼動中,,,131、132、134
氣動式出膠機,AD-44,氣動式出膠機,KGN,SM-EX,,9-110-54-0027,本廠,3F,稼動中,,,131、132、134
氣動式出膠機,AD-45,氣動式出膠機,KGN,SM-EX,,無,本廠,3F,稼動中,,,131、132、134
氣動式出膠機,AD-46,氣動式出膠機,KGN,SM-EX,,9-110-54-0020,本廠,3F,稼動中,,,283 & 392 (IR+FC)
氣動式出膠機,AD-47,氣動式出膠機,KGN,SM-EX,,無,本廠,3F,稼動中,,,24301
氣動式出膠機,AD-48,氣動式出膠機,KGN,SM-EX,,9-110-54-0024,本廠,3F,稼動中,,,365、427
氣動式出膠機,AD-49,氣動式出膠機,KGN,SM-EX,,9-110-54-0022,本廠,3F,稼動中,,,260-IR & RT
氣動式出膠機,AD-50,氣動式出膠機,KGN,SM-EX,,9-110-54-0076,本廠,3F,稼動中,,,453、459
氣動式出膠機,AD-51,氣動式出膠機,KGN,SM-EX,,9-110-54-0077,本廠,3F,稼動中,,,453、459
氣動式出膠機,AD-52,氣動式出膠機,KGN,SM-EX,,9-110-54-0078,本廠,3F,稼動中,,,453、459
氣動式出膠機,AD-53,氣動式出膠機,KGN,SM-EX,,9-110-54-0065,本廠,3F,稼動中,,,21039-重工ZONE
氣動式出膠機,AD-54,氣動式出膠機,KGN,SM-EX,,無,本廠,3F,稼動中,,,21039-重工ZONE
氣動式出膠機,AD-55,氣動式出膠機,KGN,SM-EX,,9-110-54-0067,本廠,3F,稼動中,,,21039
氣動式出膠機,AD-56,氣動式出膠機,KGN,SM-EX,,9-110-54-0069,本廠,3F,稼動中,,,21039
氣動式出膠機,AD-57,氣動式出膠機,KGN,SM-EX,,9-110-54-0070,本廠,3F,稼動中,,,21039
氣動式出膠機,AD-58,氣動式出膠機,KGN,SM-EX,,9-110-54-0071,本廠,3F,稼動中,,,21039
氣動式出膠機,AD-59,氣動式出膠機,KGN,SM-EX,,9-110-54-0068,本廠,3F,稼動中,,,22001
氣動式出膠機,AD-60,氣動式出膠機,KGN,SM-EX,,無,本廠,3F,稼動中,,,366
氣動式出膠機,AD-61,氣動式出膠機,KGN,SM-EX,,9-110-54-0033,本廠,3F,稼動中,,,133-G3 (467)
氣動式出膠機,AD-62,氣動式出膠機,KGN,SM-EX,,9-110-54-0034,本廠,3F,稼動中,,,133-G3 (467)
氣動式出膠機,AD-63,氣動式出膠機,KGN,SM-EX,,無,本廠,3F,稼動中,,,133-FC (467)
氣動式出膠機,AD-64,氣動式出膠機,KGN,SM-EX,,9-110-54-0066,本廠,2F高架,稼動中,,,572
氣動式出膠機,AD-65,氣動式出膠機,KGN,SM-EX,,9-110-54-0060,本廠,2F高架,稼動中,,,588
氣動式出膠機,AD-66,氣動式出膠機,KGN,SM-EX,,9-110-54-0053,本廠,2F高架,稼動中,,,588
氣動式出膠機,AD-67,氣動式出膠機,KGN,SM-EX,,9-110-54-0054,本廠,2F高架,稼動中,,,588-Holder
氣動式出膠機,AD-68,氣動式出膠機,KGN,SM-EX,,9-110-54-0131,本廠,2F高架,稼動中,,,高架_試作線
氣動式出膠機,AD-69,氣動式出膠機,KGN,SM-EX,,9-110-54-0142,本廠,2F高架,稼動中,,,高架_試作線
氣動式出膠機,AD-70,氣動式出膠機,KGN,SM-EX,,9-110-54-0139,本廠,2F高架,稼動中,,,高架_試作線
氣動式出膠機,AD-71,氣動式出膠機,KGN,SM-EX,,9-110-54-0132,本廠,2F高架,稼動中,,,高架_試作線
氣動式出膠機,AD-72,氣動式出膠機,KGN,SM-EX,,9-110-54-0128,本廠,2F高架,稼動中,,,570-G1RT
氣動式出膠機,AD-73,氣動式出膠機,KGN,SM-EX,,9-110-54-0127,本廠,2F高架,稼動中,,,570-G8RT
氣動式出膠機,AD-74,氣動式出膠機,KGN,SM-EX,,9-110-54-0035,本廠,2F高架,稼動中,,,570-G8RT
氣動式出膠機,AD-75,氣動式出膠機,KGN,SM-EX,,9-110-54-0130,本廠,2F高架,稼動中,,,570-G7RT
氣動式出膠機,AD-76,氣動式出膠機,KGN,SM-EX,,9-110-54-0126,本廠,2F高架,稼動中,,,570-G7RT
氣動式出膠機,AD-77,氣動式出膠機,KGN,SM-EX,,9-110-54-0140,本廠,2F高架,稼動中,,,570-G3RT、G4RT 手點
氣動式出膠機,AD-78,氣動式出膠機,KGN,SM-EX,,無,本廠,2F高架,稼動中,,,561-手點
氣動式出膠機,AD-79,氣動式出膠機,KGN,SM-EX,,9-110-54-0125,本廠,2FPF,稼動中,,,20055、56 1530B手點膠
氣動式出膠機,AD-80,氣動式出膠機,KGN,SM-EX,,9-110-54-0136,本廠,2FPF,稼動中,,,20056
氣動式出膠機,AD-81,氣動式出膠機,KGN,SM-EX,,9-110-54-0050,本廠,2F高架,停動中,,,381 (置線邊)
氣動式出膠機,AD-82,氣動式出膠機,KGN,SM-EX2,,9-110-54-0081,本廠,2F,微小倉庫,,,
氣動式出膠機,AD-83,氣動式出膠機,KGN,SM-EX2,,9-110-54-0101,本廠,2F,微小倉庫,,,
氣動式出膠機,AD-84,氣動式出膠機,KGN,SM-EX2,,無,本廠,2F,微小倉庫,,,
氣動式出膠機,AD-85,氣動式出膠機,KGN,SM-EX2,,無,本廠,2F,微小倉庫,,,
氣動式出膠機,AD-86,氣動式出膠機,KGN,SM-EX2,,無,本廠,2F,微小倉庫,,,
氣動式出膠機,AD-87,氣動式出膠機,KGN,SM-EX2,,無,本廠,2F,微小倉庫,,,
氣動式出膠機,AD-88,氣動式出膠機,KGN,SM-EX2,,9-110-54-0153,本廠,2F,微小倉庫,,,
氣動式出膠機,AD-89,氣動式出膠機,KGN,SM-EX2,,9-110-54-0150,本廠,2F,微小倉庫,,,
氣動式出膠機,AD-90,氣動式出膠機,KGN,SM-EX2,,9-110-54-0151,本廠,2F,微小倉庫,,,
氣動式出膠機,AD-91,氣動式出膠機,KGN,SM-EX2,,9-110-54-0147,本廠,2F,微小倉庫,,,
氣動式出膠機,AD-92,氣動式出膠機,KGN,SM-EX2,,9-110-54-0148,本廠,2F,微小倉庫,,,
氣動式出膠機,AD-93,氣動式出膠機,KGN,SM-EX2,,無,本廠,2F,稼動中,,,微小_試作線
氣動式出膠機,AD-94,氣動式出膠機,KGN,SM-EX2,,9-110-54-0116,本廠,2F,稼動中,,,281
氣動式出膠機,AD-95,氣動式出膠機,KGN,SM-EX2,,9-110-54-0117,本廠,2F,稼動中,,,281
氣動式出膠機,AD-96,氣動式出膠機,KGN,SM-EX2,,9-110-54-0118,本廠,2F,稼動中,,,281
氣動式出膠機,AD-97,氣動式出膠機,KGN,SM-EX2,,9-110-54-0055,本廠,2F,稼動中,,,20007
氣動式出膠機,AD-98,氣動式出膠機,KGN,SM-EX2,,9-110-54-0100,本廠,2F,稼動中,,,20007
氣動式出膠機,AD-99,氣動式出膠機,KGN,SM-EX2,,9-110-54-0049,本廠,2F,稼動中,,,19003-G1
氣動式出膠機,AD-100,氣動式出膠機,KGN,SM-EX2,,無,本廠,2F,稼動中,,,19003-G2
氣動式出膠機,AD-101,氣動式出膠機,KGN,SM-EX2,,無,本廠,2F,稼動中,,,19003-G3SP
氣動式出膠機,AD-102,氣動式出膠機,KGN,SM-EX2,,9-110-54-0058,本廠,2F,稼動中,,,19003-G3
氣動式出膠機,AD-103,氣動式出膠機,KGN,SM-EX2,,無,本廠,2F,稼動中,,,19003-G3
氣動式出膠機,AD-104,氣動式出膠機,KGN,SM-EX2,,9-110-54-0048,本廠,2F,稼動中,,,568-G2
氣動式出膠機,AD-105,氣動式出膠機,KGN,SM-EX2,,無,本廠,2F,稼動中,,,568-G1
氣動式出膠機,AD-106,氣動式出膠機,KGN,SM-EX2,,無,本廠,2F,稼動中,,,568-FC
氣動式出膠機,AD-107,氣動式出膠機,KGN,SM-EX2,,9-110-54-0143,本廠,2F高架,稼動中,,,554-IR
氣動式出膠機,AD-108,氣動式出膠機,KGN,SM-EX2,,無,本廠,2F高架,稼動中,,,554-FC
氣動式出膠機,AD-109,氣動式出膠機,KGN,SM-EX2,,無,本廠,2F高架,稼動中,,,554-P1
氣動式出膠機,AD-110,氣動式出膠機,KGN,SM-EX2,,無,本廠,2F高架,稼動中,,,554-P1
氣動式出膠機,AD-111,氣動式出膠機,KGN,SM-EX2,,9-112-54-0152,本廠,3F,稼動中,,,131、132、134
氣動式出膠機,AD-112,氣動式出膠機,KGN,SM-EX2,,9-112-54-0149,本廠,3F,稼動中,,,24301-P1
氣動式出膠機,AD-113,氣動式出膠機,KGN,SM-EX2,,9-112-54-0144,本廠,3F,稼動中,,,22001
氣動式出膠機,AD-114,氣動式出膠機,KGN,SM-EX2,,9-110-54-0122,本廠,3F,稼動中,,,366
氣動式出膠機,AD-115,氣動式出膠機,KGN,SM-EX2,,9-112-54-0093,本廠,3F,稼動中,,,366
氣動式出膠機,AD-116,氣動式出膠機,KGN,SM-EX2,,9-112-54-0089,本廠,3F,稼動中,,,366
氣動式出膠機,AD-117,氣動式出膠機,KGN,SM-EX2,,9-112-54-0095,本廠,3F,稼動中,,,20049
氣動式出膠機,AD-118,氣動式出膠機,KGN,SM-EX2,,9-112-54-0102,本廠,3F,稼動中,,,133
氣動式出膠機,AD-119,氣動式出膠機,KGN,SM-EX2,,9-110-54-0129,本廠,2F高架,稼動中,,,588-G34
氣動式出膠機,AD-120,氣動式出膠機,KGN,SM-EX2,,9-108-54-0021,本廠,2F高架,稼動中,,,588
氣動式出膠機,AD-121,氣動式出膠機,KGN,SM-EX2,,無,本廠,2F高架,稼動中,,,19003-AS5、AS6(高架_試作線)
氣動式出膠機,AD-122,氣動式出膠機,KGN,SM-EX2,,無,本廠,2FPF,稼動中,,,20055、56 1530B手點膠
氣動式出膠機,AD-123,氣動式出膠機,KGN,SM-EX2,,9-110-54-0125,本廠,2FPF,稼動中,,,20055、56 1530B手點膠
氣動式出膠機,AD-124,氣動式出膠機,KGN,SM-EX2,,9-110-54-0136,本廠,2FPF,稼動中,,,20056
氣動式出膠機,AD-125,氣動式出膠機,KGN,SM-AX,,9-101-54-0015,本廠,2F高架,稼動中,,,563-BG、G5、SP3
氣動式出膠機,AD-126,氣動式出膠機,KGN,SM-AX,,9-102-54-0015,本廠,2F高架,稼動中,,,554-IR
氣動式出膠機,AD-127,氣動式出膠機,KGN,SM-PX,,9-110-54-0041,本廠,3F,稼動中,,,260-IR & RT
氣動式出膠機,AD-128,氣動式出膠機,KGN,SM-PX,,9-110-54-0083,本廠,3F,稼動中,,,453-抹油
氣動式出膠機,AD-129,氣動式出膠機,KGN,SM-PX,,9-110-54-0137,本廠,2F,稼動中,,,RD檢討室
氣動式出膠機,AD-130,氣動式出膠機,KGN,SM-PX,,9-110-54-0059,本廠,2F高架,稼動中,,,572-CG、417
氣動式出膠機,AD-131,氣動式出膠機,MUSASHI,ML-506G,,無,本廠,2F,稼動中,,,微小_試作線
氣動式出膠機,AD-132,氣動式出膠機,MUSASHI,ML-606GX,,9-110-54-0040,本廠,2F高架,稼動中,,,554-IR
氣動式出膠機,AD-133,氣動式出膠機,MUSASHI,ML-606GX,,9-110-54-0043,本廠,3F,稼動中,,,283-G3 & 392-G3
氣動式出膠機,AD-134,氣動式出膠機,MUSASHI,ML-606X,611376,無,本廠,3F,停動中,,,(倉)
氣動式出膠機,AD-135,氣動式出膠機,MUSASHI,ML-5000XII,,9-110-54-0121,本廠,2F,稼動中,,,微小_試作線
氣動式出膠機,AD-136,氣動式出膠機,MUSASHI,ML-5000XII,,無,本廠,2F,稼動中,,,19003-G2
氣動式出膠機,AD-137,氣動式出膠機,MUSASHI,ML-5000XII,,無,本廠,3F,稼動中,,,24301-P2
氣動式出膠機,AD-138,氣動式出膠機,MUSASHI,ML-5000XII,,無,本廠,3F,稼動中,,,24301-P7
氣動式出膠機,AD-139,氣動式出膠機,MUSASHI,ML-5000XII,,9-110-54-0119,本廠,3F,稼動中,,,21028-手點
氣動式出膠機,AD-140,氣動式出膠機,MUSASHI,ML-5000XII,,無,本廠,3F,稼動中,,,21028-IR
氣動式出膠機,AD-141,氣動式出膠機,MUSASHI,SuperEXIII-v5,,C-110-02-0028,本廠,2F高架,稼動中,,,561-G1、G1RT
氣動式出膠機,AD-142,氣動式出膠機,DT(點膠科技),9000E,,無,本廠,2F,稼動中,,,281-MOUNT
氣動式出膠機,AD-143,氣動式出膠機,DT(點膠科技),9000E,,無,本廠,2F,稼動中,,,281-IR
氣動式出膠機,AD-144,氣動式出膠機,DT(點膠科技),9000F,,9-101-54-0007,本廠,3F,稼動中,,,133
氣動式出膠機,AD-145,氣動式出膠機,DT(點膠科技),9000F,,9-101-54-0008,本廠,2F高架,稼動中,,,572、417
氣動式出膠機,AD-146,氣動式出膠機,IEI (iwashita instrumemt),AD3000C,H13482,9-110-54-0133,本廠,2F高架,稼動中,,,高架_試作線
氣動式出膠機,AD-147,氣動式出膠機,IEI (iwashita instrumemt),SHOTMATIC 1,037063,無,本廠,3F,稼動中,,,238 & 392 手點
氣動式出膠機,AD-148,氣動式出膠機,IEI (iwashita instrumemt),SHOTMATIC 3,043878,9-110-54-0051,本廠,2F高架,停動中,,,381 (置線邊)
氣密檢漏儀,IP-1,氣密檢漏儀,自製,F620,,3-105-51-0025,本廠,2F高架,停動中,,,575、585
氣密檢漏儀,IP-2,氣密檢漏儀,自製,F520,,3-103-51-0015,本廠,2F高架,停動中,,,572
氣密檢漏儀,IP-3,氣密檢漏儀,自製,F620,,3-108-51-0041,本廠,2F高架,停動中,,,22002
氣密檢漏儀,IP-4,氣密檢漏儀,自製,F620,,3-108-51-0035,本廠,2F高架,稼動中,,,570
氣密檢漏儀,IP-5,氣密檢漏儀,自製,F620,,3-108-51-0036,本廠,2F高架,稼動中,,,561
氣密檢漏儀,IP-6,氣密檢漏儀,自製,F620,,3-109-51-0045,本廠,2FPF室,稼動中,,,20055
氣密檢漏儀,IP-7,氣密檢漏儀,自製,F620,,3-109-51-0046,本廠,2FPF室,稼動中,,,20056
氣密檢漏儀,IP-8,氣密檢漏儀,自製,F620,,3-108-51-0040,本廠,2F,稼動中,,,19003
氣密檢漏儀,IP-9,氣密檢漏儀,自製,F620,,3-110-51-0060,本廠,2F,稼動中,,,568
氣密檢漏儀,IP-10,氣密檢漏儀,自製,F620,,3-111-51-0064,本廠,2F,停動中,,,20007、22020
氣密檢漏儀,IP-11,氣密檢漏儀,自製,F520,,3-103-51-0011,本廠,3F,稼動中,,,283-1號機
氣密檢漏儀,IP-12,氣密檢漏儀,自製,F520,,3-104-51-0019,本廠,3F,稼動中,,,283-2號機
氣密檢漏儀,IP-13,氣密檢漏儀,自製,F520,,3-102-51-0008,本廠,3F,稼動中,,,260
氣密自動檢測設備,SS-8,氣密自動檢測設備,自製,,,3-108-51-0039,本廠,2F高架,停動中,,,381
半自動鎖附機,SAL-1,半自動鎖附機,自製,,,,,,,,,重複SAL-11
半自動鎖附機,SAL-2,半自動鎖附機,自製,,,C-110-02-0018,本廠,2F高架,稼動中,,,570-G7 Retainer
半自動鎖附機,SAL-3,半自動鎖附機,自製,,,C-111-02-0047,本廠,2F高架,稼動中,,,570-G3 Retainer
半自動鎖附機,SAL-4,半自動鎖附機,自製,,,C-110-02-0019,本廠,2F高架,稼動中,,,561-G9 Retainer
半自動鎖附機,SAL-5,半自動鎖附機,自製,,,C-110-02-0020,本廠,2F高架,稼動中,,,561-G78 Retainer
半自動鎖附機,SAL-6,半自動鎖附機,自製,,,C-110-02-0021,本廠,2F高架,稼動中,,,561-G56 Retainer
半自動鎖附機,SAL-7,半自動鎖附機,自製,,,C-110-02-0022,本廠,2F高架,稼動中,,,561-G4 Retainer
半自動鎖附機,SAL-8,半自動鎖附機,自製,,,C-110-02-0023,本廠,2F高架,稼動中,,,561-G23 Retainer
半自動鎖附機,SAL-9,半自動鎖附機,自製,,,C-110-02-0024,本廠,2F高架,稼動中,,,561-G1 Retainer
半自動鎖附機,SAL-10,半自動鎖附機,自製,,,無,本廠,2FPF室,稼動中,,,20056-Holder
半自動鎖附機,SAL-11,半自動鎖附機,自製,,,無,本廠,2F高架,稼動中,,,112-前蓋
半自動鎖附機,SAL-12,半自動鎖附機,自製,,,無,本廠,3F,稼動中,,,366
半自動鎖附機,SAL-13,半自動鎖附機,自製,,,無,本廠,3F,停動中,,,131-Holder
半自動鎖附機,SAL-14,半自動鎖附機,自製,,,無,本廠,3F,停動中,,,260-前蓋
PF機,PF-1,PF機,九驊,6601-22-H,6601-22-HP170344062,,本廠,2FPF室,稼動中,,,20055
PF機,PF-2,PF機,九驊,6601-22-H,6601-22-HP170344061,,本廠,2FPF室,稼動中,,,20056
儀科MTF機,M-1,儀科MTF機,儀科,,,3-112-51-0068,本廠,2F,檢討室,,,
鬼影機,G-1,鬼影機,,,,無,本廠,2F高架,稼動中,,,570
鬼影機,G-2,鬼影機,,,,無,本廠,2F高架,稼動中,,,561
鬼影機,G-3,鬼影機,,,,無,本廠,2FPF室,稼動中,,,20055
鬼影機,G-4,鬼影機,,,,無,本廠,2FPF室,稼動中,,,20056
鉚合機,R-1,鉚合機,自製,,,9-106-99-0084,本廠,3F,停動中,,,365、427
鉚合機,R-2,鉚合機,自製,,,無,本廠,3F,停動中,,,365、427
鉚合機,R-3,鉚合機,自製,,,無,本廠,3F,停動中,,,365、427
切割機,CU-1,切割機,自製,,,無,本廠,3F,稼動中,,,427
切割機,CU-2,切割機,自製,,,無,本廠,3F,稼動中,,,20019
高度量測,HM-1,高度量測,自製,,,C-110-02-0029,本廠,2F高架,稼動中,,V,570-G7
高度量測,HM-2,高度量測,自製,,,C-111-02-0042,本廠,2F高架,稼動中,,V,570-G8
高度量測,HM-3,高度量測,自製,,,C-110-02-0025,本廠,2F高架,稼動中,,V,570-G4
高度量測,HM-4,高度量測,自製,,,C-110-02-0028,本廠,2F高架,稼動中,,V,570-G3
高度量測,HM-5,高度量測,自製,,,C-111-02-0048,本廠,2F高架,稼動中,,V,570-G1
高度量測,HM-6,高度量測,自製,,,C-110-02-0026,本廠,2F高架,稼動中,,V,561-G9 Retainer
高度量測,HM-7,高度量測,自製,,,C-110-02-0027,本廠,2F高架,稼動中,,V,561-G78 Retainer
高度量測,HM-8,高度量測,自製,,,無,本廠,2F,停動中,,,22020-G3、G4
高度量測,HM-9,高度量測,自製,,,無,本廠,3F,稼動中,,,283
高度量測,HM-10,高度量測,自製,,,無,本廠,3F,停動中,,,532
高度量測,HM-11,高度量測,自製,,,3-107-51-0032,本廠,3F,停動中,,,427
自動組裝機,組1,自動組裝機,元利盛(EVEST),OEP-712,14117189,3-104-55-0009,本廠,3F,稼動中,,V,
自動組裝機,組2,自動組裝機,元利盛(EVEST),OEP-712,14127067,3-104-55-0007,本廠,3F,稼動中,,V,
自動組裝機,組3,自動組裝機,元利盛(EVEST),OEP-712,18077212,3-107-55-0015,本廠,3F,稼動中,,V,
自動組裝機,組4,自動組裝機,元利盛(EVEST),OEP-712,14127056,3-104-55-0006,本廠,3F,稼動中,,V,
自動組裝機,組5,自動組裝機,元利盛(EVEST),OEP-712,14127034,3-104-55-0010,本廠,3F,稼動中,,V,
自動組裝機,組6,自動組裝機,元利盛(EVEST),OEP-712,14127045,3-104-55-0008,本廠,3F,稼動中,,V,
自動組裝機,組30,自動組裝機,元利盛(EVEST),OEP-712,14037056,3-109-55-0038,本廠,3F,稼動中,,V,
自動組裝機,組31,自動組裝機,元利盛(EVEST),OEP-712,14037090,3-109-55-0039,本廠,3F,稼動中,,V,
自動組裝機,組37,自動組裝機,元利盛(EVEST),OEP-712,21067023,3-111-55-0050,本廠,3F,稼動中,,V,
自動組裝機,組38,自動組裝機,元利盛(EVEST),OEP-712,21067012,3-111-55-0049,本廠,3F,稼動中,,V,
自動組裝機,組9,自動組裝機,元利盛(EVEST),OEP-712S,18087089,3-107-55-0016,本廠,3F,稼動中,,V,
自動組裝機,組10,自動組裝機,元利盛(EVEST),OEP-712S,19097012,3-108-55-0021,本廠,3F,稼動中,,V,
自動組裝機,組11,自動組裝機,元利盛(EVEST),OEP-712S,20077278,3-109-55-0030,本廠,3F,稼動中,,V,
自動組裝機,組12,自動組裝機,元利盛(EVEST),OEP-712S,20087101,3-109-55-0023,本廠,3F,稼動中,,V,
自動組裝機,組13,自動組裝機,元利盛(EVEST),OEP-712S,20087112,3-109-55-0031,本廠,3F,稼動中,,V,
自動組裝機,組14,自動組裝機,元利盛(EVEST),OEP-712S,20087123,3-109-55-0032,本廠,3F,稼動中,,V,
自動組裝機,組15,自動組裝機,元利盛(EVEST),OEP-712S,20087090,3-109-55-0024,本廠,3F,稼動中,,V,
自動組裝機,組16,自動組裝機,元利盛(EVEST),OEP-712S,20087089,3-109-55-0025,本廠,3F,稼動中,,V,
自動組裝機,組17,自動組裝機,元利盛(EVEST),OEP-712S,20077289,3-109-55-0026,本廠,3F,稼動中,,V,
自動組裝機,組18,自動組裝機,元利盛(EVEST),OEP-712S,20077267,3-109-55-0027,本廠,3F,稼動中,,V,
自動組裝機,組19,自動組裝機,元利盛(EVEST),OEP-712S,20077256,3-109-55-0028,本廠,3F,稼動中,,V,
自動組裝機,組20,自動組裝機,元利盛(EVEST),OEP-712S,20077245,3-109-55-0029,本廠,3F,稼動中,,V,
自動組裝機,組21,自動組裝機,元利盛(EVEST),OEP-712S,19097023,3-108-55-0022,本廠,3F,稼動中,,V,
自動組裝機,組22,自動組裝機,元利盛(EVEST),OEP-712S,16107012,3-107-55-0014,本廠,3F,稼動中,,V,
自動組裝機,組34,自動組裝機,元利盛(EVEST),OEP-712C,21037023,3-110-55-0046,本廠,3F,稼動中,,V,
自動組裝機,組35,自動組裝機,元利盛(EVEST),OEP-712C,21037034,3-110-55-0047,本廠,3F,稼動中,,V,
自動組裝機,組36,自動組裝機,元利盛(EVEST),OEP-712C,21037012,3-110-55-0048,本廠,3F,稼動中,,V,
自動組裝機,組27,自動組裝機,元利盛(EVEST),OEP-712改,14037123,3-109-55-0033,本廠,3F,稼動中,,V,
自動組裝機,組28,自動組裝機,元利盛(EVEST),OEP-712改,14027167,3-109-55-0036,本廠,3F,稼動中,,V,
自動組裝機,組29,自動組裝機,元利盛(EVEST),OEP-712改,14037067,3-109-55-0037,本廠,3F,稼動中,,V,
自動組裝機,組32,自動組裝機,元利盛(EVEST),OEP-712改,14027156,3-109-55-0035,本廠,3F,稼動中,,V,
自動組裝機,組33,自動組裝機,元利盛(EVEST),OEP-712改,14037078,3-109-55-0034,本廠,3F,稼動中,,V,
自動組裝機,點1,自動組裝機,元利盛(EVEST),OEP-520E,15076234,3-113-55-0051,本廠,3F,稼動中,,V,①22009IR 點膠/現改為點膠用途
自動組裝機,點2,自動組裝機,元利盛(EVEST),OEP-520E,15106023,3-113-55-0052,本廠,3F,稼動中,,V,②22009IR 點膠/現改為點膠用途
自動組裝機,點3,自動組裝機,元利盛(EVEST),OEP-520E,15106034,3-113-55-0053,本廠,3F,稼動中,,V,②20052IR 點膠/現改為點膠用途
自動組裝機,點4,自動組裝機,元利盛(EVEST),OEP-520E,15106067,3-113-55-0054,本廠,3F,稼動中,,V,②20052IR 點膠/現改為點膠用途
自動組裝機,點5,自動組裝機,元利盛(EVEST),OEP-520E,15106089,3-113-55-0055,本廠,3F,稼動中,,V,②20052IR 點膠/現改為點膠用途
自動組裝機,巨1,自動組裝機,元利盛(EVEST),"巨量組裝機
(OEP-712)",20077290,3-110-55-0045,本廠,3F,稼動中,,V,一次組8顆鏡頭
自動組裝機,組7,自動組裝機,翔元(SYAUTO),組裝機(線馬),1404-015S,3-104-55-0005,本廠,3F,稼動中,,V,
自動組裝機,組8,自動組裝機,翔元(SYAUTO),SY4006S(伺服),1404-015S1,3-104-55-0004,本廠,3F,稼動中,,V,
自動組裝機,組23,自動組裝機,翔元(SYAUTO),SY4006S(伺服),1405-030S1,3-109-55-0042,本廠,3F,稼動中,,V,
自動組裝機,組24,自動組裝機,翔元(SYAUTO),SY4006S(伺服),1405-030S2,3-109-55-0040,本廠,3F,稼動中,,V,
自動組裝機,組25,自動組裝機,翔元(SYAUTO),SY4006S(伺服),T1512-043A2,3-109-55-0043,本廠,3F,稼動中,,V,
自動組裝機,組26,自動組裝機,翔元(SYAUTO),SY4006S(伺服),T1512-043A1,3-109-55-0041,本廠,3F,稼動中,,V,
自動整列機,排3,自動整列機,翔元(SYAUTO),BAM02,1404-021S,3-103-03-0023,本廠,3F,稼動中,,X,
自動整列機,排6,自動整列機,翔元(SYAUTO),BAM02,1409-065S,3-104-03-0028,本廠,3F,稼動中,,X,
自動整列機,排11,自動整列機,翔元(SYAUTO),BAM02,T1801-003A,3-107-03-0033,本廠,3F,稼動中,,X,
自動整列機,排18,自動整列機,翔元(SYAUTO),BAM02,T2104-018A-001,3-110-03-0042,本廠,3F,稼動中,,X,
自動整列機,排19,自動整列機,翔元(SYAUTO),BAM02,T2406-011A-001,,本廠,3F,停動中,,X,尚未檢收
自動整列機,排2,自動整列機,翔元(SYAUTO),PAM02,1404-022S,3-103-03-0024,本廠,3F,稼動中,,X,
自動整列機,排5,自動整列機,翔元(SYAUTO),PAM02,1409-066S,3-104-03-0027,本廠,3F,稼動中,,X,
自動整列機,排7,自動整列機,翔元(SYAUTO),PAM02,T1906-019A1,3-108-03-0035,本廠,3F,稼動中,,X,
自動整列機,排8,自動整列機,翔元(SYAUTO),PAM02,T1906-019A2,3-108-03-0036,本廠,3F,稼動中,,X,
自動整列機,排9,自動整列機,翔元(SYAUTO),PAM02,T1906-019A3,3-108-03-0037,本廠,3F,稼動中,,X,
自動整列機,排12,自動整列機,翔元(SYAUTO),PAM02,T1801-002A,3-107-03-0032,本廠,3F,稼動中,,X,
自動整列機,排14,自動整列機,翔元(SYAUTO),PAM02,T2101-002A1,3-110-03-0041,本廠,3F,稼動中,,X,
自動整列機,排15,自動整列機,翔元(SYAUTO),PAM02,T2101-002A2,3-110-03-0040,本廠,3F,稼動中,,X,
自動整列機,排1,自動整列機,翔元(SYAUTO),SAM02,1404-020S,3-103-03-0022,本廠,3F,稼動中,,X,
自動整列機,排4,自動整列機,翔元(SYAUTO),SAM02,1409-064S,3-104-03-0026,本廠,3F,稼動中,,X,
自動整列機,排10,自動整列機,翔元(SYAUTO),SAM02,1409-064S,3-108-03-0034,本廠,3F,稼動中,,X,
自動整列機,排13,自動整列機,翔元(SYAUTO),SAM02,自製,3-108-99-0099,本廠,3F,稼動中,,X,
自動整列機,排16,自動整列機,翔元(SYAUTO),SAM02,T2101-001A1,3-110-03-0039,本廠,3F,稼動中,,X,
自動整列機,排17,自動整列機,翔元(SYAUTO),SAM02,T2101-001A2,3-110-03-0038,本廠,3F,稼動中,,X,
自動整列機,排20,自動整列機,翔元(SYAUTO),LIAM-03,T2406-012A-002,,本廠,3F,稼動中,,V,Anyfeeder/尚未檢收
自動整列機,排21,自動整列機,翔元(SYAUTO),LIAM-03,T2406-012A-003,,本廠,3F,稼動中,,V,Anyfeeder/尚未檢收
自動整列機,排22,自動整列機,翔元(SYAUTO),LIAM-03,T2406-012A-001,,本廠,3F,稼動中,,V,Anyfeeder/尚未檢收
高速點膠機,高1,高速點膠機,元利盛(EVEST),M518,2008PJ023,3-110-54-0022,本廠,3F,稼動中,,V,
自動鎖附機,鎖1,自動鎖附機,元利盛(EVEST),OEP-285E,14124012,3-104-99-0049,本廠,3F,稼動中,,V,
自動鎖附機,鎖2,自動鎖附機,元利盛(EVEST),OEP-285E,18074012,3-107-99-0077,本廠,3F,稼動中,,V,
自動鎖附機,鎖3,自動鎖附機,元利盛(EVEST),OEP-285E,14124023,3-104-99-0048,本廠,3F,稼動中,,V,
自動鎖附機,鎖8,自動鎖附機,元利盛(EVEST),OEP-285E,14034067,3-109-65-0001,本廠,3F,稼動中,,V,
自動鎖附機,鎖9,自動鎖附機,元利盛(EVEST),OEP-285E,13114012,3-109-65-0004,本廠,3F,稼動中,,V,
自動鎖附機,鎖10,自動鎖附機,元利盛(EVEST),OEP-285E,14024034,3-109-65-0002,本廠,3F,稼動中,,V,
自動鎖附機,鎖11,自動鎖附機,元利盛(EVEST),OEP-285E,14024023,3-109-65-0003,本廠,3F,稼動中,,V,
自動鎖附機,鎖4,自動鎖附機,翔元(SYAUTO),,T2006-035A02,3-109-65-0008,本廠,3F,稼動中,,V,
自動鎖附機,鎖5,自動鎖附機,翔元(SYAUTO),,T2004-035A1,3-109-65-0005,本廠,3F,稼動中,,V,
自動鎖附機,鎖6,自動鎖附機,翔元(SYAUTO),,T2006-035A04,3-109-65-0006,本廠,3F,稼動中,,V,
自動鎖附機,鎖7,自動鎖附機,翔元(SYAUTO),,T2006-035A03,3-109-65-0007,本廠,3F,稼動中,,V,
自動鎖附機,鎖12,自動鎖附機,翔元(SYAUTO),,T2104-019A-001,3-110-65-0009,本廠,3F,稼動中,,V,
自動鎖附機,鎖13,自動鎖附機,翔元(SYAUTO),SY-HBRM01,T2104-019A-002,3-110-65-0010,本廠,3F,稼動中,,V,
三合一點膠機,,三合一點膠機,自製,--,,,本廠,3F,稼動中,,V,
貼膜設備,,貼膜設備,瀚升,--,,,本廠,3F,稼動中,,X,
貼膜設備,,貼膜設備,瀚升,,,,本廠,3F,停動中,,X,
調芯機,,調芯機,九驊,MD-E3LAR,,,本廠,3F,稼動中,,V,
調芯機,,調芯機,儀銳,LAA5,,,本廠,3F,稼動中,,V,
