﻿<?xml version="1.0" encoding="utf-8"?>
<OutlookGrid V="1">
  <GroupBox>True</GroupBox>
  <HideColumnOnGrouping>False</HideColumnOnGrouping>
  <Columns>
    <Column>
      <Name>ColumnCustomerID</Name>
      <GroupingType>
        <Name>Krypton.Toolkit.OutlookGridDefaultGroup, Krypton.Toolkit, Version=90.24.2.40, Culture=neutral, PublicKeyToken=a87e673e9ecb6e8e</Name>
        <OneItemText>1 item</OneItemText>
        <XXXItemsText> items</XXXItemsText>
        <SortBySummaryCount>False</SortBySummaryCount>
      </GroupingType>
      <SortDirection>None</SortDirection>
      <GroupIndex>-1</GroupIndex>
      <SortIndex>-1</SortIndex>
      <Visible>True</Visible>
      <Width>79</Width>
      <Index>0</Index>
      <DisplayIndex>0</DisplayIndex>
      <RowsComparer />
    </Column>
    <Column>
      <Name>ColumnCustomerName</Name>
      <GroupingType>
        <Name>Krypton.Toolkit.OutlookGridAlphabeticGroup, Krypton.Toolkit, Version=90.24.2.40, Culture=neutral, PublicKeyToken=a87e673e9ecb6e8e</Name>
        <OneItemText>1 item</OneItemText>
        <XXXItemsText> items</XXXItemsText>
        <SortBySummaryCount>False</SortBySummaryCount>
      </GroupingType>
      <SortDirection>None</SortDirection>
      <GroupIndex>-1</GroupIndex>
      <SortIndex>-1</SortIndex>
      <Visible>True</Visible>
      <Width>79</Width>
      <Index>1</Index>
      <DisplayIndex>1</DisplayIndex>
      <RowsComparer />
    </Column>
    <Column>
      <Name>ColumnAddress</Name>
      <GroupingType>
        <Name>Krypton.Toolkit.OutlookGridDefaultGroup, Krypton.Toolkit, Version=90.24.2.40, Culture=neutral, PublicKeyToken=a87e673e9ecb6e8e</Name>
        <OneItemText>1 item</OneItemText>
        <XXXItemsText> items</XXXItemsText>
        <SortBySummaryCount>False</SortBySummaryCount>
      </GroupingType>
      <SortDirection>None</SortDirection>
      <GroupIndex>-1</GroupIndex>
      <SortIndex>-1</SortIndex>
      <Visible>True</Visible>
      <Width>79</Width>
      <Index>2</Index>
      <DisplayIndex>2</DisplayIndex>
      <RowsComparer />
    </Column>
    <Column>
      <Name>ColumnCity</Name>
      <GroupingType>
        <Name>Krypton.Toolkit.OutlookGridDefaultGroup, Krypton.Toolkit, Version=90.24.2.40, Culture=neutral, PublicKeyToken=a87e673e9ecb6e8e</Name>
        <OneItemText>1 item</OneItemText>
        <XXXItemsText> items</XXXItemsText>
        <SortBySummaryCount>False</SortBySummaryCount>
      </GroupingType>
      <SortDirection>None</SortDirection>
      <GroupIndex>-1</GroupIndex>
      <SortIndex>-1</SortIndex>
      <Visible>True</Visible>
      <Width>79</Width>
      <Index>3</Index>
      <DisplayIndex>3</DisplayIndex>
      <RowsComparer />
    </Column>
    <Column>
      <Name>ColumnCountry</Name>
      <GroupingType>
        <Name>Krypton.Toolkit.OutlookGridDefaultGroup, Krypton.Toolkit, Version=90.24.2.40, Culture=neutral, PublicKeyToken=a87e673e9ecb6e8e</Name>
        <OneItemText>1 item</OneItemText>
        <XXXItemsText> items</XXXItemsText>
        <SortBySummaryCount>False</SortBySummaryCount>
      </GroupingType>
      <SortDirection>None</SortDirection>
      <GroupIndex>-1</GroupIndex>
      <SortIndex>-1</SortIndex>
      <Visible>True</Visible>
      <Width>78</Width>
      <Index>4</Index>
      <DisplayIndex>4</DisplayIndex>
      <RowsComparer />
    </Column>
    <Column>
      <Name>ColumnOrderDate</Name>
      <GroupingType>
        <Name>Krypton.Toolkit.OutlookGridDateTimeGroup, Krypton.Toolkit, Version=90.24.2.40, Culture=neutral, PublicKeyToken=a87e673e9ecb6e8e</Name>
        <OneItemText>1 item</OneItemText>
        <XXXItemsText> items</XXXItemsText>
        <SortBySummaryCount>False</SortBySummaryCount>
        <GroupDateInterval>Smart</GroupDateInterval>
      </GroupingType>
      <SortDirection>None</SortDirection>
      <GroupIndex>-1</GroupIndex>
      <SortIndex>-1</SortIndex>
      <Visible>True</Visible>
      <Width>79</Width>
      <Index>5</Index>
      <DisplayIndex>5</DisplayIndex>
      <RowsComparer />
    </Column>
    <Column>
      <Name>ColumnProduct</Name>
      <GroupingType>
        <Name>Krypton.Toolkit.OutlookGridDefaultGroup, Krypton.Toolkit, Version=90.24.2.40, Culture=neutral, PublicKeyToken=a87e673e9ecb6e8e</Name>
        <OneItemText>1 product</OneItemText>
        <XXXItemsText> products</XXXItemsText>
        <SortBySummaryCount>False</SortBySummaryCount>
      </GroupingType>
      <SortDirection>None</SortDirection>
      <GroupIndex>-1</GroupIndex>
      <SortIndex>-1</SortIndex>
      <Visible>True</Visible>
      <Width>79</Width>
      <Index>6</Index>
      <DisplayIndex>6</DisplayIndex>
      <RowsComparer />
    </Column>
    <Column>
      <Name>ColumnPrice</Name>
      <GroupingType>
        <Name>KryptonOutlookGrid.OutlookGridPriceGroup, KryptonOutlookGrid Example, Version=1.0.0.0, Culture=neutral, PublicKeyToken=null</Name>
        <OneItemText>1 item</OneItemText>
        <XXXItemsText> items</XXXItemsText>
        <SortBySummaryCount>False</SortBySummaryCount>
      </GroupingType>
      <SortDirection>None</SortDirection>
      <GroupIndex>-1</GroupIndex>
      <SortIndex>-1</SortIndex>
      <Visible>True</Visible>
      <Width>79</Width>
      <Index>7</Index>
      <DisplayIndex>7</DisplayIndex>
      <RowsComparer />
    </Column>
    <Column>
      <Name>SatisfactionColumn</Name>
      <GroupingType>
        <Name>Krypton.Toolkit.OutlookGridDefaultGroup, Krypton.Toolkit, Version=90.24.2.40, Culture=neutral, PublicKeyToken=a87e673e9ecb6e8e</Name>
        <OneItemText>1 item</OneItemText>
        <XXXItemsText> items</XXXItemsText>
        <SortBySummaryCount>False</SortBySummaryCount>
      </GroupingType>
      <SortDirection>None</SortDirection>
      <GroupIndex>-1</GroupIndex>
      <SortIndex>-1</SortIndex>
      <Visible>True</Visible>
      <Width>100</Width>
      <Index>8</Index>
      <DisplayIndex>8</DisplayIndex>
      <RowsComparer />
    </Column>
    <Column>
      <Name>ColumnToken</Name>
      <GroupingType>
        <Name>Krypton.Toolkit.OutlookGridDefaultGroup, Krypton.Toolkit, Version=90.24.2.40, Culture=neutral, PublicKeyToken=a87e673e9ecb6e8e</Name>
        <OneItemText>1 item</OneItemText>
        <XXXItemsText> items</XXXItemsText>
        <SortBySummaryCount>False</SortBySummaryCount>
      </GroupingType>
      <SortDirection>None</SortDirection>
      <GroupIndex>-1</GroupIndex>
      <SortIndex>-1</SortIndex>
      <Visible>True</Visible>
      <Width>100</Width>
      <Index>9</Index>
      <DisplayIndex>9</DisplayIndex>
      <RowsComparer />
    </Column>
  </Columns>
  <ConditionalFormatting>
    <Condition>
      <ColumnName>ColumnPrice</ColumnName>
      <FormatType>TwoColorsRange</FormatType>
      <FormatParams>
        <MinimumColor>-1</MinimumColor>
        <MaximumColor>-50627</MaximumColor>
      </FormatParams>
    </Condition>
  </ConditionalFormatting>
</OutlookGrid>