序號,維護工單編號,"建檔人員",日期,"維護單位","維護人員","機台編號","接收時間(hh：mm)","維修開始(hh：mm)","完成時間(hh：mm)","維修工時(min)","停動開始(hh：mm)","停動結束(hh：mm)","停動工時(min)",責任歸屬,機種,工站,維修類型,問題描述,維護/維修內容說明,需求單位,需求單位人員,需求單位確認,需求單位回覆
1,20250303001,鄭大德,2025/3/3,A - 工具設計,鄭大德,SS-2,08:17,08:17,08:30,135,08:17,08:30,0,,21039,,日常維護,檢測異常,重新檢測物品，讓閥值有明顯對比,組立,志榮,完成,
2,20250303002,鄭大德,2025/3/3,A - 工具設計,鄭大德,T-14,08:35,08:35,08:45,105,,,0,,24301,P2點膠,日常維護,點膠異常,點膠位置調整,組立,志榮,完成,
3,20250303003,鄭大德,2025/3/3,A - 工具設計,鄭大德,T-14,10:21,10:21,10:41,50,,,0,,24301,P2點膠,日常維護,點膠異常,點膠位置調整,組立,志榮,完成,
4,20250303004,鄭大德,2025/3/3,A - 工具設計,鄭大德,T-15,15:44,15:44,16:00,42,,,0,,24301,P1點膠,日常維護,點膠異常,點膠位置調整,組立,志榮,完成,
5,20250303005,李起修,2025/3/3,A - 工具設計,李起修,"T-25,26",,09:00,09:30,30,,,0,,561,G56、G4、G23,日常維護,更換膠針,出膠、G56RT、G4、G4RT、G23RT確認,組立,侯倩玉,完成,
6,20250304001,葉柏均,2025/3/4,A - 工具設計,葉柏均,S-25,14:00,14:00,14:40,80,,,0,,575,FC點膠,日常維護,更換膠針,點位確認,組立,李雅婷,完成,
7,20250304002,葉柏均,2025/3/4,A - 工具設計,葉柏均,S-25,16:00,16:10,16:45,100,,,0,,575,FC點膠,日常維護,點位起泡,調整點膠速度,組立,李雅婷,完成,
8,20250305001,曾惠鈴,2025/3/5,A - 工具設計,曾惠鈴/鄭大德,P-58,,15:57,16:21,130,,,0,,570,G56SP組裝,,組裝後部品有內汙,Spacer位置跑掉，重新校正,組立,侯倩玉,完成,
9,20250307001,葉柏均,2025/3/7,A - 工具設計,葉柏均,S-26,09:20,09:20,09:45,140,,,0,,417,G1,日常維護,膠筒轉接座堵塞,清洗轉接座、重新調整點位,組立,李雅婷,完成,
10,20250307002,葉柏均,2025/3/7,A - 工具設計,葉柏均,S-26,10:20,10:30,11:28,140,10:30,11:20,0,,417,G1,日常維護,膠針堵塞,更換膠針、重新調整點位,組立,李雅婷,完成,
11,20250307003,葉柏均,2025/3/7,A - 工具設計,葉柏均,S-26,14:20,15:20,15:40,30,,,0,,417,G1,更換零件,出膠量過少,更換新膠座與膠針、重新調整點位,組立,李雅婷,完成,
12,,曾惠鈴,2025/3/7,A - 工具設計,曾惠鈴,,14:51,15:10,15:20,40,,,0,,281,測高,異常排除,重新調整高度,281-氣缸緩衝器重新調整高度、數位錶頭重新設定,製技,彭紹軒,完成,
13,20250310001,鄭大德,2025/3/10,A - 工具設計,鄭大德,T-05,08:55,09:00,10:30,95,,,0,,283,G3點膠,機台改線,機種切換,點膠位置調整,組立,李雅婷,完成,
14,20250310001,蔡素貞,2025/3/10,A - 工具設計,葉柏均,T-22,10:56,11:04,11:43,30,10:56,11:25,0,,281,IR點膠,日常維護,相似度低，撞針,換針、點位調整,組立,蔡素貞,完成,
15,20250310002,蔡孟堅,2025/3/10,A - 工具設計,蔡孟堅,T-24,09:00,09:10,12:00,490,,,0,,570,G4RT點膠,異常排除,RT溝槽卡膠,換針、清潔膠針座、點位外觀重新調整,組立,侯倩玉,完成,
16,,鄭大德,2025/3/10,A - 工具設計,鄭大德,T-14,14:22,14:35,16:10,30,,,0,,24301,P2點膠,日常維護,點膠異常,撞針、P2點膠位置調整,組立,志榮,完成,
17,20250310003,蔡孟堅,2025/3/10,A - 工具設計,蔡孟堅,IP-2,14:22,14:35,15:20,30,,,0,,575,氣密,異常排除,啟動後汽缸不下來,製技參數設定錯誤，修改後可正常量測,組立,李雅婷,完成,
18,20250310006,蔡孟堅,2025/3/10,A - 工具設計,蔡孟堅,IP-5,15:20,15:20,16:00,40,,,0,,561,氣密,設備功能追加,追加COMPORT,安裝USBtoRS232驅動，測試可正常讀取,組立,侯倩玉,完成,
19,20250310007,鄭大德,2025/3/10,A - 工具設計,鄭大德,T-06,16:20,16:23,17:06,50,,,0,,283,IR點膠,日常維護,點膠異常,點膠位置調整,組立,李雅婷,完成,
20,20250311001,鄭大德,2025/3/11,A - 工具設計,鄭大德,T-06,08:55,09:00,09:29,60,,,0,,283,FC點膠,機台改線,機種切換,點膠位置調整,組立,李雅婷,完成,
21,20250311002,鄭大德,2025/3/11,A - 工具設計,鄭大德,CPU-17,10:43,11:35,12:15,30,11:35,12:00,0,,19003,G3SP點膠,日常維護,點膠異常,G3Spacer點膠位置調整,組立,李雅婷,完成,
22,20250311006,蔡素貞,2025/3/11,A - 工具設計,鄭大德,T-09,08:00,15:29,16:18,25,,,0,,23071,P1點膠,機台改線,試作機種，切換機種需調點膠機,點膠位置調整,RD,,,
23,20250311003,蔡孟堅,2025/3/11,A - 工具設計,蔡孟堅,SAL-2,16:35,16:55,17:55,70,,,0,,570,G7RT鎖附,異常排除,Soma歪斜,"提高汽缸sensor，提早破真空追加調壓閥於真空產生器前，減少輸入壓力目前吸附RT負壓-42",組立,侯倩玉,完成,
24,,蔡孟堅,2025/3/12,A - 工具設計,蔡孟堅,T-14,09:52,10:15,11:30,25,,,0,,24301,P2點膠,異常排除,撞針,重新調整點位，優化點膠流程，避免噴膠,組立,志榮,完成,
25,,蔡孟堅,2025/3/12,A - 工具設計,苗天恒,,11:25,11:43,12:00,55,,,0,,24301,G45組裝,異常排除,組裝軸晃動,螺絲鬆動，重新校正,組立,志榮,完成,
26,20250313001,葉柏均,2025/3/13,A - 工具設計,葉柏均,T-5,08:45,08:50,11:05,80,,,0,,283,G3,日常維護,點膠異常,點位重新調整,組立,李雅婷,完成,
27,,鄭大德,2025/3/13,A - 工具設計,鄭大德,T-14,08:53,09:00,11:28,50,,,0,,24301,P2、P7、P1點膠,異常排除,撞針,P2、P1重新調整點位，優化點膠流程，避免噴膠與凸膠，換針、P7點膠點位調整，降速降氣壓提升膠量,組立,志榮,完成,
28,,李起修,2025/3/12,A - 工具設計,李起修,T-15,,13:30,15:00,140,,,0,,24301,P1點膠,異常排除,撞針,另copy #13=>#15修改，接著孟堅想法為避免直下針撞擊barrel溝巢由P鏡片放方向橫向切入,組立,志榮,完成,
29,20250312004,李起修,2025/3/12,A - 工具設計,李起修,T-05,,17:50,19:00,150,,,0,,283,G3點膠,設備功能追加,因客訴問題，原4點改圓週,"另copy #40=>#50(56,57,58,59)，針#25=>#28",組立,李雅婷,完成,
30,20250312003,李起修,2025/3/13,A - 工具設計,李起修,T-06,,14:10,15:00,100,,,0,,283,FC點膠,異常排除,銜接針之針頭座鬆脫撞針,重校並優化,組立,李雅婷,完成,
31,20250312004,葉柏均,2025/3/13,A - 工具設計,葉柏均,T-5,,14:10,15:00,30,,,0,,283,G3,異常排除,點膠異常,點位重新調整,組立,李雅婷,完成,
32,20250314001,蔡素貞,2025/3/14,A - 工具設計,葉柏均,T-22,08:10,08:25,09:20,120,08:10,09:20,0,,281,IR點膠,異常排除,點膠異常,點位重新調整,組立,蔡素貞,完成,
33,20250317001,張志榮,2025/3/17,A - 工具設計,鄭大德,T-15,09:00,11:17,11:29,50,,,0,,24301,P1點膠,日常維護,治具加工點膠位置確認,點膠位置調整,組立,張志榮,完成,
34,,鄭大德,2025/3/17,A - 工具設計,蔡孟堅、鄭大德,SS-5,,13:10,14:23,70,,,0,,21039,線一 G2,機台保養,Y軸螺桿異音,上保養油,組立,張志榮,完成,
35,,蔡孟堅,2025/3/18,A - 工具設計,蔡孟堅,P-40,09:50,10:00,10:30,30,,,0,,24301,SP1組裝,異常排除,無法吸附SP,"SP注口毛邊過大，導致干涉過多人員擺放方向不正確",組立,張志榮,完成,
36,20250318001,鄭大德,2025/3/18,A - 工具設計,鄭大德,CPU-17,,08:24,09:07,110,08:24,09:07,0,,19003,G3SP點膠,更換零件,3D受台磨損導致鏡頭底部髒汙,更換金屬受台、點膠位置調整,組立,,,
37,20250318002,鄭大德,2025/3/18,A - 工具設計,鄭大德,CPU-17,,10:59,12:07,80,10:59,12:00,0,,19003,G3SP點膠,日常維護,點膠異常,金屬受台刮錶、點膠位置調整,組立,,,
38,20250319001,李起修,2025/3/19,A - 工具設計,李起修,T-05,,13:30,14:30,90,,,0,,283,G3點膠,異常排除,撞針，第一顆即卡針,軸~41.37=> 41.27，與部分點位重調，2盤OK,組立,李雅婷,完成,
39,20250319002,葉柏均,2025/3/19,A - 工具設計,葉柏均,T-05,09:20,09:30,11:40,150,09:20,10:30,0,,283,G3點膠,異常排除,撞針、程式內部錯誤,重新校正、程式位置重新輸入,組立,,,
40,20250319003,鄭大德,2025/3/19,A - 工具設計,鄭大德,S-19,15:45,15:56,16:49,150,,,0,,568,G4Soma點膠,日常維護,OP撞針點膠異常,優化點膠位置，減少膠爬至SP壁上,組立,黎氏鳳,待處理,
41,20250320001,蔡孟堅,2025/3/20,A - 工具設計,蔡孟堅,SAL-2,10:35,10:40,10:50,50,,,0,,570,G7RT鎖附,異常排除,RT不吸,真空產生器損壞，暫時可用,組立,阮碧幸,完成,
42,20250320001,鄭大德,2025/3/20,A - 工具設計,鄭大德,S-19,,08:00,10:51,30,,,0,,568,G4Soma點膠,日常維護,OP撞針點膠異常,優化點膠位置、膠針換28號，減少膠爬至SP壁上,組立,黎氏鳳,完成,
43,20250319004,李起修,2025/3/19,A - 工具設計,李起修,T-29,,15:30,15:50,90,,,0,,570,BG點膠,日常維護,螺桿閥更換膠與確認,預排膠與吐膠點膠確認,組立,阮碧幸,完成,
44,20250321001,鄭大德,2025/3/21,A - 工具設計,鄭大德,T-05,,08:00,09:54,40,08:00,09:54,0,,283,G3點膠,異常排除,撞針、程式內部錯誤,程式優化、重新輸入每項動作,組立,,,
45,20250321003,李起修,2025/3/21,A - 工具設計,李起修,T-29,,13:15,14:00,30,,,0,,570,BG點膠,異常排除,缺膠,微調針高度與速度,組立,阮碧幸,完成,
46,20250321002,李起修,2025/3/21,A - 工具設計,李起修,CPU-14,,15:40,17:00,80,,,0,,568-02,G2,機台改線,新膠+3D 調機,新製樣02版 17pcs OK,組立,李雅婷,完成,
47,20250321001,李起修,2025/3/21,A - 工具設計,李起修,CPU-18,,17:50,19:00,60,,,0,,568-02,G1,機台改線,使用現量產機台改受台,新製樣02版 17pcs OK，機台恢復量產狀態,組立,李雅婷,完成,
48,20250324002,李起修,2025/3/24,A - 工具設計,李起修,T-10,,09:00,10:00,180,,,0,,568-02,FC,機台改線,膠種不同，清膠與微調,新製樣02版 17pcs OK(氣密)，機台恢復量產狀態,組立,黎氏鳳,完成,
49,20250324001,李起修,2025/3/24,A - 工具設計,李起修,T-29,,10:30,11:00,110,,,0,,570,BG點膠,異常排除,偶有溢膠,微調針高度,組立,阮碧幸,完成,
50,,鄭大德,2025/3/24,A - 工具設計,鄭大德,T-15,14:07,14:17,14:46,95,14:07,14:46,0,,24301,P1點膠,異常排除,撞針,換針、重新調整點位,組立,張志榮,完成,
51,20250325001,鄭大德,2025/3/25,A - 工具設計,鄭大德,T-04,16:47,16:53,17:06,60,16:47,17:06,0,,283,G3點膠,日常維護,點膠異常,重新調整點位、校針,組立,張志榮,完成,
52,20250326001,鄭大德,2025/3/26,A - 工具設計,鄭大德,S-26,16:13,16:17,16:30,65,16:13,16:30,0,,417-01,G1點膠,日常維護,點膠異常,重新調整點位,組立,,,
53,20250325002,李起修,2025/3/25,A - 工具設計,李起修,S-22,,13:30,17:00,50,,,0,,19003-06,G3SP點膠,機台改線,首次G3SP試做調機,補加裝Y軸、膠針座，,組立,李雅婷,待處理,暫改手點應急出貨(另有過期膠庫存不足風險)
54,20250326002,李起修,2025/3/26,A - 工具設計,李起修,T-01,,08:40,11:00,60,,,0,,19003-06,G2點膠,機台改線,首次G2試做調機,新膠+3D 調機,組立,李雅婷,完成,
55,20250326003,鄭大德,2025/3/27,A - 工具設計,鄭大德,T-15,09:20,09:29,10:06,30,09:29,10:00,0,,24301,P2點膠,日常維護,測試換22號針點膠,校針、提升點膠/XYZ空跑速度、解決點膠拉斯/?膠等問題,組立,張志榮,完成,
56,20250326003,蔡素貞,2025/3/26,A - 工具設計,葉柏均/李起修,T-22,14:30,15:30,16:50,165,14:30,15:40,0,,281,IR點膠,日常維護,Z軸過低，導致出膠量不佳,校針、提升點膠Z軸高度,組立,蔡素貞,,
57,,蔡孟堅,2025/3/27,A - 工具設計,蔡孟堅,H-26,13:20,13:20,14:30,60,,,0,,23010,G1熔著,更換零件,更換新熔著頭及受台並測試,機構安裝、同軸平行校正,RD,劉名峻,完成,
58,,鄭大德,2025/3/27,A - 工具設計,鄭大德,T-09,16:10,16:20,16:30,50,,,0,,23070,P1點膠,機台改線,試作機種，切換機種需調點膠機,點膠位置調整,組立,,,
59,20250327001,李起修,2025/3/27,A - 工具設計,李起修,CPU-14,,08:40,10:00,90,,,0,,19003-06,G1點膠,機台改線,新膠新樣品調機,新膠+3D 調機,組立,李雅婷,完成,
60,20250327003,李起修,2025/3/27,A - 工具設計,李起修,T-27,,14:20,14:40,70,,,0,,561,G78RT點膠,異常排除,撞針,調機,組立,盧海燕,完成,
61,20250327002,李起修,2025/3/27,A - 工具設計,李起修,CPU-18,,14:50,15:00,30,,,0,,568,G1 點膠,異常排除,點膠外觀異常,微機,組立,黎氏鳳,完成,
62,20250328001,鄭大德,2025/3/28,A - 工具設計,鄭大德,S-25,09:05,09:16,10:33,35,,,0,,20006,G23點膠,機台改線,切換機種需調點膠機,點膠位置調整,組立,余沂霈,完成,
63,20250328002,李起修,2025/3/28,A - 工具設計,李起修,CPU-14,,09:20,10:00,65,,,0,,19003-06,G1,異常排除,溢膠,針微調+截膠時間調整,組立,李雅婷,完成,
64,20250328003,李起修,2025/3/28,A - 工具設計,李起修,S-21,,11:30,14:30,120,,,0,,19003-06,FC,機台改線,新膠+3D 調機,首件氣密測試OK，待調芯OK品點Gm8後，可點交,組立,李雅婷,完成,
65,20250328004,鄭大德,2025/3/28,A - 工具設計,鄭大德,S-26,13:50,13:55,15:31,110,,,0,,20006,FC點膠,機台改線,切換機種需調點膠機,點膠位置調整、清潔膠針座、換21號針,組立,,,
66,,鄭大德,2025/3/28,A - 工具設計,鄭大德,T-14,,15:41,15:57,75,15:41,15:57,0,,24301,G2點膠,日常維護,點膠異常(噴膠、拉絲),點膠位置調整,組立,張志榮,完成,
67,2025031001,李起修,2025/3/31,A - 工具設計,李起修,S-21,,09:00,11:30,30,,,0,,19003-06,FC,機台改線,更換受台(新品&測試樣品公差過大),重調&A-type繼受更換(起針過快拉絲),組立,李雅婷,完成,
68,2025031002,李起修,2025/3/31,A - 工具設計,李起修,S-22,,14:30,16:00,190,,,0,,19003-06,IR點膠,機台改線,新膠+3D 調機,前置作業：調整點膠位置(待FC站結束測膠),組立,李雅婷,待處理,
69,,鄭大德,2025/4/1,A - 工具設計,鄭大德,H-29,,08:24,09:32,45,,,0,,23073,Holder點膠,機台改線,切換機種需調點膠機,點膠位置調整,試作,張志榮,完成,
70,,鄭大德,2025/4/1,A - 工具設計,鄭大德,T-17,13:30,14:16,14:31,130,,,0,,24301,P7點膠,異常排除,點膠結束提針時鏡片會被帶起,重新調整點膠位置,組立,張志榮,完成,
71,20250401001,李起修,2025/4/1,A - 工具設計,李起修,S-24,,09:50,10:50,20,,,0,,20006,RT & BG,機台改線,加裝Y軸可調機構&清膠,for 大德 20006-RT&BG 最適下針點調機前置作業 ,組立,余沂霈,完成,
72,20250401001,李起修,2025/4/1,A - 工具設計,李起修,T-24,,11:00,13:50,40,,,0,,570,G4RT點膠,異常排除,06切05版調機(點膠至R上)+重工品,因有換過針，再做點位精確調整(排除重工異常品),組立,阮碧幸,完成,待05版(約4K，昆達估做到月底)切換至06版再確認一次
73,20250402001,鄭大德,2025/4/2,A - 工具設計,鄭大德,S-26,09:54,10:28,10:36,120,,,0,,20006,FC點膠,更換零件,受台更換,點膠位置調整,組立,,,
74,20250402002,鄭大德,2025/4/2,A - 工具設計,鄭大德,S-24,,10:36,11:09,40,,,0,,20006,RT點膠,更換零件,受台更換,點膠位置調整,組立,,,
75,,鄭大德,2025/4/2,A - 工具設計,鄭大德,T-15,11:11,11:20,11:50,60,,,0,,24301,P1點膠,異常排除,撞針,換針、點膠位置調整、開啟打壓功能,組立,張志榮,完成,
76,20250402001,蔡素貞,2025/4/2,A - 工具設計,葉柏均/李起修,T-22,08:40,08:50,10:00,140,08:40,10:00,0,,281,IR點膠,異常排除,點膠機點膠至一半停止&區域膠少&爬膠,更換新針&校針，點膠高度&時間配合調整測試,組立,蔡素貞,完成,
77,20250402002,李起修,2025/4/2,A - 工具設計,李起修,T-29,12:00,13:40,14:30,30,,,0,,570,BG點膠,異常排除,v06==>v05,更換程式&測試,組立,阮碧幸,完成,待05版(約4K，昆達估做到月底)切換至06版再確認一次
78,20250402003,李起修,2025/4/2,A - 工具設計,李起修,T-24,,14:30,15:00,45,,,0,,570,G4RT點膠,異常排除,刮針,新品刮針處理(點膠異常)：4/1重工品,組立,阮碧幸,完成,
79,,李起修,2025/4/2,A - 工具設計,李起修,T-26,,15:50,16:20,70,,,0,,561,G4,異常排除,點膠異常&缺膠,更換新膠&微調,組立,盧海燕,完成,
80,20250407001,李起修,2025/4/7,A - 工具設計,李起修,S-21,,13:40,14:20,80,,,0,,19003-06,FC,設備功能追加,FC干涉需調整Y軸尋最佳下針點,加裝Y軸可調機構,組立,黎氏鳳,完成,另隔壁線23069新購簡斜點，建議追加機構功能
81,,李起修,2025/4/7,A - 工具設計,李起修,T-20,,18:00,19:00,20,,,0,,21028,IR點膠,異常排除,撞針,調機並在4組Tray上雷刻校針點程式追加97並教學,組立,楊瓊瑛,完成,有建議康淑貞課長追加滑台
82,,鄭大德,2025/4/8,A - 工具設計,鄭大德,T-14,,09:26,09:45,40,,,0,,24301,P2點膠,日常維護,膠固化後凸點導致SOMA凸起,點膠位置調整,組立,張志榮,完成,
83,20250407001,葉柏均,2025/4/7,A - 工具設計,葉柏均,T-5,13:50,14:05,16:20,80,,,0,,23069,,機台改線,原392X.Y table 改23069機種使用,傳輸線維修、更換程式&測試,組立,蔡素貞,完成,
84,20250408002,葉柏均,2025/4/8,A - 工具設計,葉柏均,T-19,09:35,09:45,11:25,30,09:35,10:25,0,,570,G7RT點膠,機台改線,570 G7RT 新版改舊版,點膠位置調整&測試,組立,阮碧幸,完成,
85,,葉柏均,2025/4/8,A - 工具設計,葉柏均,T-20,,11:20,12:15,35,,,0,,21028,IR點膠,異常排除,點膠異常,點膠位置調整&測試,組立,楊瓊瑛,完成,
86,,鄭大德,2025/4/8,A - 工具設計,鄭大德,T-14,,09:26,09:45,30,,,0,,24301,P2點膠,日常維護,膠固化後凸點導致SOMA凸起,點膠位置微調整、壓力減少,組立,張志榮,完成,
87,20250408003,李起修,2025/4/8,A - 工具設計,李起修,T-29,,15:40,16:00,85,,,0,,570,BG點膠,異常排除,點膠外觀異常,重校針並微調,組立,阮碧幸,完成,
88,20250408001,蔡素貞,2025/4/8,A - 工具設計,蔡孟堅/曾惠玲,T-22,,,,120,,,0,,281,拆解,異常排除,機台無法將部品打壓下來,調降第一段螺絲8根長度(多墊一片墊片),組立,張志榮,完成,
89,20250409001,李起修,2025/4/9,A - 工具設計,李起修,T-29,,13:20,14:00,140,,,0,,570,BG點膠,異常排除,偶缺膠,針頭下降與空跑路徑長度微調,組立,阮碧幸,完成,
90,20250409002,李起修,2025/4/9,A - 工具設計,李起修,,,15:30,17:10,10,,,0,,,UV照射點檢,故障中待協助,cable 線損毀，接觸不良,償試更換抗UV之SENSOE線+抗熱SHIELD網,組立,侯倩玉,待處理,
91,20250410002,李起修,2025/4/10,A - 工具設計,李起修,T-29,,10:40,11:30,170,,,0,,570,BG點膠,異常排除,溢膠,針頭高度與空跑高度調整,組立,阮碧幸,完成,
92,20250410001,蔡素貞,2025/4/10,A - 工具設計,李起修,T-05,,11:45,15:00,20,,,0,,23069,P1點膠,異常排除,針歪&膠異常,調機：更換針#27==>#26，程式另60==>63,組立,蔡素貞,完成,
93,,李起修,2025/4/11,A - 工具設計,李起修,T-22,,08:50,09:30,90,,,0,,281,IR點膠,異常排除,第一點膠量偏少,1st-m t=0.26==>0.4 2nd-m t=0.35==>0.42,組立,蔡素貞,完成,
94,,葉柏均,2025/4/15,A - 工具設計,葉柏均,T-20,,08:30,09:30,45,,,0,,281,IR點膠,日常維護,點位偏移,底板位置調整,組立,張志榮,完成,
95,20250415001,賴惠珠,2025/4/15,A - 工具設計,葉柏均,T-19,13:50,14:00,14:30,32,13:50,14:20,0,,570,G7RT點膠,更換零件,撞針,更換交針、點膠位置調整&測試,組立,,,
96,,鄭大德,2025/4/15,A - 工具設計,鄭大德,CPU-13,14:10,14:16,15:30,45,,,0,,23073,FC點膠,更換零件,受台更換,括錶調整受台旋轉中心、點膠位置調整,試作,張志榮,完成,
97,20250416001,蔡孟堅,2025/4/16,A - 工具設計,蔡孟堅,S-20,09:50,10:10,10:30,55,,,0,,568,G4Soma點膠,日常維護,點膠在SOMA上,調整位置,組立,黎氏鳳,完成,
98,20250416002,蔡孟堅,2025/4/16,A - 工具設計,蔡孟堅,SAL-2,13:50,14:00,15:00,40,,,0,,570,G7RT鎖附,異常排除,RT露鋁,調整上下汽缸Sensor位置，延遲旋轉時間,組立,阮碧幸,完成,
99,20250415002,李起修,2025/4/15,A - 工具設計,李起修,T-23,,08:40,09:40,130,,,0,,570,G3RT,異常排除,更換新膠&出膠量異常,此管膠偏稠，預吐膠時間增長並微下降針高,組立,阮碧幸,完成,
100,20250415003,賴惠珠,2025/4/15,A - 工具設計,李起修,T-29,,10:30,11:40,45,,,0,,570,BG點膠,機台改線,v06重工25pcs切換，做完再切回,切換版本跟線確認無溢膠修正,組立,阮碧幸,完成,v06 還有100多pcs，待一定數量再通知切換
101,20250416004,賴惠珠,2025/4/16,A - 工具設計,李起修,T-27,,10:50,11:40,65,,,0,,561,G78RT點膠,異常排除,膠量異常，呈點狀,重校針並微降針高度,組立,盧海燕,完成,
102,20250415003,賴惠珠,2025/4/15,A - 工具設計,李起修,,,09:00,14:50,20,,,0,,,,故障中待協助,UV 照度計修理(顯示異常),並聯連接器端追加快拆，並在Sersor端套隔熱網,組立,侯倩玉,完成,
103,20250416003,鄭大德,2025/4/17,A - 工具設計,鄭大德,T-06,09:02,09:06,10:28,110,,,0,,23073,IR點膠,機台改線,膠種、機種更換,膠針座清洗、點膠位置調整,組立,張志榮,完成,
104,20250417001,李起修,2025/4/17,A - 工具設計,李起修,S-22,,09:00,10:50,40,,,0,,19003-06,IR點膠,機台改線,06版 1st試作調機,06版 1st試作調機,組立,李雅婷,完成,
105,20250421001,葉柏均,2025/4/21,A - 工具設計,葉柏均/李起修,T-22,,15:40,16:45,5,,,0,,281,IR點膠,異常排除,視覺辨識異常(當機),發生原因尚不明，先改2點辨識改單點測試OK,組立,陳寶琴,完成,
106,20250422001,鄭大德,2025/4/22,A - 工具設計,鄭大德,T-10,,09:25,09:45,25,,,0,,568,FC點膠,異常排除,點膠異常,下深膠針、調整點位,組立,黎氏鳳,完成,
107,,鄭大德,2025/4/22,A - 工具設計,鄭大德,S-10、S-19,,11:06,12:20,50,,,0,,23073,FC點膠、UV固化,機台改線,膠種、機種更換、改造機台,膠針座更換、點膠位置調整、斜點膠機用點光源改裝配線,試作,蔡素貞,完成,
108,20250422003,李起修,2025/4/22,A - 工具設計,李起修,S-20,,10:50,11:30,90,,,0,,568,G4 soma點膠,異常排除,點膠異常,針似撞針過，更換重校OK,組立,黎氏鳳,完成,
109,20250422002,葉柏均,2025/4/22,A - 工具設計,葉柏均,T-22,,10:30,12:10,80,,,0,,281,IR點膠,異常排除,視覺辨識異常&廠商線上(手機)對應,增加鏡頭亮度、增加程式限制辨識範圍,組立,蔡素貞,完成,
110,20250422004,鄭大德,2025/4/22,A - 工具設計,鄭大德,S-30,,13:10,16:50,60,,,0,,23073,Mask點膠,機台改線,膠種、機種更換、22號針換24號,點膠位置微調整、減少點膠起始點凸膠等問題,試作,,,
111,20250423001,葉柏均,2025/4/23,A - 工具設計,葉柏均,T-22,,09:00,09:30,30,,,0,,281,IR點膠,異常排除,視覺辨識異常,將辨識位置進行更改、指辨識barrel位置,組立,,,
112,20250423002,蔡孟堅,2025/4/23,A - 工具設計,蔡孟堅,P-54,,11:00,12:00,30,,,0,,570,G3RT鎖附,異常排除,G3下內汙,清潔鎖附機構及迴路,組立,,,
113,20250423003,蔡孟堅,2025/4/23,A - 工具設計,蔡孟堅,P-54,,17:40,18:50,70,,,0,,570,G3RT鎖附,異常排除,G3RT鎖附未定位,更換Barrel受台，重新校正旋轉中心,組立,,,
114,20250424001,李起修,2025/4/24,A - 工具設計,李起修,,,14:30,16:40,150,,,0,,283,氣密上&下,機台改線,3F-->2F，未設定,重新更換新air & cable重整理，玉樹作校正,組立,李雅婷,完成,
115,,李起修,2025/4/25,A - 工具設計,李起修,T-25,,10:40,11:20,120,,,0,,561,G23RT點膠,異常排除,更換受台動作確認,微調點膠外觀與穩定性,組立,盧海燕,完成,
116,20250428001,李起修,2025/4/28,A - 工具設計,李起修,T-29,,10:30,11:00,80,,,0,,570,BG點膠,更換零件,更換膠,預吐膠&點膠確認,組立,阮碧幸,完成,
117,20250428002,李起修,2025/4/28,A - 工具設計,李起修,T-24,,15:20,16:20,35,,,0,,570,G4RT點膠,異常排除,誤放重工品(有膠)撞針,校針與調整,組立,阮碧幸,完成,
118,20250428003,葉柏均,2025/4/28,A - 工具設計,葉柏均,T-19,,10:20,11:10,70,,,0,,570,G7RT點膠,機台改線,05改06版點膠,更換程式&點膠位置調整,組立,阮碧幸,完成,
119,,葉柏均,2025/4/28,A - 工具設計,葉柏均,S-25,,11:15,11:30,30,,,0,,585,FC點膠,機台改線,更換受台,點膠位置調整,組立,李雅婷,完成,
120,,葉柏均,2025/4/29,A - 工具設計,葉柏均,T-19,09:00,09:10,09:50,19,09:00,09:40,21,,570,G7RT點膠,日常維護,更換膠,預吐膠&點膠確認,組立,阮碧幸,完成,
121,,葉柏均,2025/4/29,A - 工具設計,葉柏均,SAL-2,,10:20,11:00,25,,,0,,570,G7RT鎖附,異常排除,調整sensor,提早破真空,組立,阮碧幸,完成,
122,,李起修,2025/4/29,A - 工具設計,李起修,T-24,,15:20,16:30,30,,,0,,570,G4RT點膠,異常排除,重工品殘膠刮針,校針與調整,組立,阮碧幸,完成,
123,,李起修,2025/4/30,A - 工具設計,李起修,T-24,,10:30,11:00,100,,,0,,570,G4RT點膠,機台改線,切換06版,微調機與確認10psc,組立,阮碧幸,完成,
124,,李起修,2025/4/30,A - 工具設計,李起修,T-29,,11:00,12:12,55,,,0,,570,BG點膠,異常排除,週一更換膠後溢膠異常處理,微調後仍不時有缺膠現象,組立,阮碧幸,完成,
125,,李起修,2025/4/30,A - 工具設計,李起修,T-01,,13:30,16:20,20,,,0,,585,G4RT點膠,機台改線,機台加XZ滑台+Tray卡治具&重調機,只有一樣品OK，尚無組裝品，待週五上班….,組立,余沂霈,完成,
126,,李起修,2025/5/2,A - 工具設計,李起修,T-01,,09:20,10:00,12,,,0,,585,G4RT點膠,機台改線,試點膠&壓力調整並教學,膠針#24，壓力0.40MPa,組立,余沂霈,完成,
127,,李起修,2025/5/2,A - 工具設計,李起修,T-01,,10:25,14:20,185,,,0,,585,G2RT點膠,機台改線,與G4RT共針調機&試點膠,膠針#24，壓力0.30MPa,組立,余沂霈,完成,
128,,鄭大德,2025/5/2,A - 工具設計,鄭大德,SS-7,13:32,13:41,14:06,50,13:32,14:07,0,,21039,S9-1入料,異常排除,無法取料、供給物料馬達動作異常,馬達原復、調整sensor位置,組立,,,
129,,鄭大德,2025/5/6,A - 工具設計,鄭大德,T-17,13:23,13:27,13:53,40,,,0,,24301,P7點膠,異常排除,線段點膠完針提時鏡片會被帶起,重新調整點膠位置,組立,,,
130,,李起修,2025/5/6,A - 工具設計,李起修,T-03,13:55,14:10,15:30,12,,,15,,467,RT點膠,異常排除,撞針&膠沾RT,與先前比較，膠有較稀以至下針&離針膠拉沾黏,組立,黃琪雯,完成,
131,,李起修,2025/5/7,A - 工具設計,李起修,T-29,,09:20,10:03,34,,,34,,570,BG點膠,機台改線,v05==>v06,調機後試作15pcs OK,組立,阮碧幸,完成,
132,,鄭大德,2025/5/7,A - 工具設計,鄭大德,SS-3,08:03,08:45,11:15,80,08:00,11:15,0,,21039,產線一-G5,異常排除,電腦無法開啟,協尋IT查修->CPU風扇異常,組立,黃姿蓉,,
133,,鄭大德,2025/5/8,A - 工具設計,鄭大德,T-17,,11:20,11:46,23,11:20,11:46,0,,24301,P7點膠,設備功能追加,增加打壓功能,編輯點膠程式、調整組裝位置,組立,黃姿蓉,,
134,,李起修,2025/5/8,A - 工具設計,李起修,T-29,,13:20,13:40,60,,,0,,570,BG點膠,異常排除,缺膠處理,微調高度,組立,阮碧幸,完成,
135,,李起修,2025/5/9,A - 工具設計,李起修,T-01,,14:00,14:40,40,,,0,,585,G2RT點膠,異常排除,撞針(忘切換程式),校針教育訓練(OP) OK,組立,余沂霈,完成,
136,,李起修,2025/5/9,A - 工具設計,李起修,CPU-14,,16:10,17:00,40,,,0,,570-PF,BG點膠,機台改線,重工品點膠評估現有設備,受台前置作業(加工),組立,侯倩玉/阮碧幸,待處理,
137,,李起修,2025/5/12,A - 工具設計,李起修,S-30,,11:10,15:15,40,,,0,,23073,Mask點膠,異常排除,汽缸NG更換&分離卡加裝,下針改垂直&繼首改A&變更針號#24=>#25，OK,組立,蔡素貞,完成,
138,,李起修,2025/5/12,A - 工具設計,李起修,T-01,,15:20,15:50,170,,,0,,585,G4RT點膠,異常排除,外觀異常,重校針&膠量微調 OK,組立,余沂霈,完成,
139,,葉柏均,2025/5/12,A - 工具設計,葉柏均,T-05,08:40,08:50,11:30,60,,,0,,23073,IR點膠,異常排除,膠針更換,重校位置、膠量微調、點膠測試,組立,蔡素貞,完成,
140,,葉柏均,2025/5/12,A - 工具設計,葉柏均,T-22,08:30,08:40,12:00,25,,,0,,281,IR點膠,異常排除,點膠位置過低出膠料少,重校位置、點膠測試,組立,蔡素貞,完成,
141,,葉柏均,2025/5/13,A - 工具設計,葉柏均,T-05,09:25,09:25,09:45,10,,,0,,23073,IR點膠,異常排除,點膠位置可能超出有效位置,縮短點位,組立,蔡素貞,完成,
142,,葉柏均,2025/5/13,A - 工具設計,葉柏均,S-25,08:50,08:55,09:22,70,,,0,,585,FC點膠,異常排除,撞針,速度調整、點位調整,組立,余沂霈,完成,
143,,鄭大德,2025/5/13,A - 工具設計,鄭大德,T-17、T-15、T-14,,08:05,11:46,190,,,0,,24301,P7、P2、P1點膠,設備功能追加,增加點膠程式,點膠程式改為4+4,組立,黃姿蓉,,
144,,李起修,2025/5/13,A - 工具設計,李起修,T-26,,08:50,09:20,30,,,0,,561,G23RT點膠,異常排除,疑受台鬆動導致點膠異常,受台固定後點膠微調OK,組立,盧海燕,完成,
145,,李起修,2025/5/13,A - 工具設計,李起修,CPU-11,,13:50,14:05,110,,,0,,19003,G1點膠,異常排除,產線懷疑中壓柱未壓確實,確認無誤,組立,李雅婷,完成,
146,,李起修,2025/5/13,A - 工具設計,李起修,T-05,,14:06,15:00,30,,,0,,23073,IR點膠,異常排除,下半偶發膠未包覆IR,微調位置後OK,組立,蔡素貞,完成,
147,,李起修,2025/5/13,A - 工具設計,李起修,CPU-14,,09:00,10:00,15,,,0,,50-PF,BG點膠,機台改線,調機,碧幸提供05&06版各一調機,組立,阮碧幸,待處理,
148,,鄭大德,2025/5/14,A - 工具設計,鄭大德,T-17、T-14,12:06,13:21,14:29,15,13:21,14:29,0,,24301,P7、P2點膠,異常排除,P1、P7膠量不足,調整點膠位置及速度,組立,黃姿蓉,,
149,,李起修,2025/5/14,A - 工具設計,李起修,T-01,,11:10,11:30,30,,,0,,585,G2RT點膠,異常排除,撞針(G2RT未鎖到位)校針教學(2nd),沂霈實操作：校針,組立,余沂霈,完成,
150,,李起修,2025/5/14,A - 工具設計,李起修,CPU-14,,09:00,14:30,30,,,0,,20056,BG點膠(Rework),機台改線,調機&試點,拿570-BG 待點膠現品6pcs測試OK,組立,阮碧幸,完成,
151,,李起修,2025/5/15,A - 工具設計,李起修,S-30,,13:30,14:00,10,,,0,,23073,Mask點膠,異常排除,起終點重疊膠凸,更回#24針，原#22，微微調整點膠時間,組立,李雅婷,完成,
152,,李起修,2025/5/15,A - 工具設計,李起修,T-05,,14:00,14:50,30,,,0,,23073,IR點膠,異常排除,右上微溢膠,調整線段終點位置,組立,李雅婷,完成,
153,,鄭大德,2025/5/16,A - 工具設計,鄭大德,T-17,08:16,08:19,08:38,60,08:16,08:38,0,,24301,P7點膠,異常排除,昨晚撞針，膠針歪掉,換針、點膠位置調整,組立,黃姿蓉,,
154,,李起修,2025/5/16,A - 工具設計,李起修,"T-26,T-24",,09:00,09:35,25,,,0,,561/570,G56RT/G4RT點膠,異常排除,螺桿閥更換UV膠,預吐膠&點膠確認,組立,盧海燕/阮碧幸,完成,
155,,葉柏均,2025/5/19,A - 工具設計,葉柏均,T-22,09:00,09:10,09:55,30,,,,,281,IR點膠,異常排除,膠量異常,調整高度、吐膠時間,組立,李雅婷,完成,
156,,李起修,2025/5/19,A - 工具設計,李起修,T-20,14:10,14:20,14:50,30,,,0,,21018,IR點膠,異常排除,刮針，4片Tray皆是,校針無誤，移除3D載台壓扁滴膠後OK,組立,楊瓊瑛,完成,
157,,葉柏均,2025/5/20,A - 工具設計,葉柏均/李起修,T-22,,10:35,11:50,110,,,0,,281,IR點膠,異常排除,不規則膠少、溢膠等異常,分三組陣列,組立,李雅婷,完成,
158,,李起修,2025/5/20,A - 工具設計,李起修,T-16,,13:20,14:30,30,,,0,,24301,P2點膠,異常排除,第二弧膠溢、偏位,二Tray各別微調整跑一輪OK,組立,黃姿蓉,完成,
159,,鄭大德,2025/5/21,A - 工具設計,鄭大德,,14:24,14:28,14:38,220,,,0,,19003,G3SP點膠,異常排除,左右氣缸異常,調整未到位sensor,組立,黎氏鳳,待處理,
160,,李起修,2025/5/21,A - 工具設計,李起修,T-24,,11:20,11:50,40,,,0,,570,G4RT點膠,異常排除,溢膠(刮針),調整針位置,組立,阮碧幸,完成,
161,,李起修,2025/5/22,A - 工具設計,李起修,T-29,,09:00,11:30,150,,,0,,20056,BG點膠,異常排除,PF-BG調機測試,取消測高試點PF-BG,組立,侯倩玉,完成,
162,,李起修,2025/5/22,A - 工具設計,李起修,S-20,,13:30,14:10,20,,,0,,568,G4Soma點膠,異常排除,受台無法旋轉,Relay 2(中間)NG,組立,黎氏鳳,完成,
163,,葉柏均,2025/5/22,A - 工具設計,葉柏均/李起修,T-22,,15:20,17:10,20,,,0,,281,IR點膠,異常排除,左上下3位置偶有溢(爬)膠,調整影像與真位置,組立,陳寶琴,完成,
164,,鄭大德,2025/5/23,A - 工具設計,鄭大德,T-4,08:45,08:48,11:10,50,,,0,,23021,G3點膠,機台改線,調機,重新調整點膠位置,組立,蔡素貞,完成,
165,,葉柏均,2025/5/23,A - 工具設計,葉柏均,T-22,,08:30,10:00,150,,,0,,281,IR點膠,異常排除,溢膠,調整,組立,陳寶琴,完成,
166,,李起修,2025/5/26,A - 工具設計,李起修,T-4,,09:30,12:00,90,,,0,,23021,G3點膠,異常排除, 一問三不知,設校針點與調機，膠量由承翰判定,組立,蔡素貞,完成,
167,,李起修,2025/5/27,A - 工具設計,李起修,T-29,,10:40,11:30,142,,,0,,570,BG點膠,機台改線,客人看20056-BG重工點膠,調機,組立,張志榮,完成,
168,,李起修,2025/5/27,A - 工具設計,李起修,T-24,,11:30,11:50,110,,,0,,570,G4RT點膠,異常排除,誤放G3RT撞針,調機,組立,阮碧幸,完成,
169,,李起修,2025/5/27,A - 工具設計,李起修,T-27,,12:00,12:20,40,,,0,,561,G78RT點膠,異常排除,撞針,調機,組立,盧海燕,完成,
170,,李起修,2025/5/29,A - 工具設計,李起修,,,14:00,16:30,150,,,0,,585,氣密,機台改線,設備復原,螢幕、F620氣密機架高,組立,侯倩玉,完成,
171,,李起修,2025/6/2,A - 工具設計,李起修,,,09:00,09:40,30,,,0,,260,掃條碼過站,機台改線,barcodereader 安裝(2台),設定通電(尚缺程式安裝測試),組立,賴惠珠,完成,
172,,李起修,2025/6/2,A - 工具設計,李起修,,,13:20,17:00,10,,,0,,155等,熔著機,機台保養,氣缸導軌，立柱，襯套清潔&上油,"155-G3,G7.273-G3.459-G3,20019-G1 共7台",組立,黃琪雯/黃姿蓉,完成,
173,,李起修,2025/6/3,A - 工具設計,李起修,T-26,,09:30,10:00,70,,,0,,561,G4點膠,異常排除,生手作業不小心,調機&緊急按鈕教育訓練,組立,盧海燕,完成,
174,,李起修,2025/6/3,A - 工具設計,李起修,T-4,,10:00,11:50,75,,,0,,23021,G3點膠,異常排除,點膠異常,生手(晚班)&換針高度異常&更換吐膠機,組立,蔡素貞,完成,
175,,李起修,2025/6/4,A - 工具設計,李起修,H-14,,09:00,09:30,30,,,0,,453,G3熔著,機台保養,氣缸導軌，立柱，襯套清潔&上油,OK,組立,黃姿蓉,完成,
176,,李起修,2025/6/4,A - 工具設計,李起修,T-29,,09:30,10:00,45,,,0,,570,BG點膠,日常維護,更換新膠&出膠量異常,排膠&試點,組立,阮碧幸,完成,
177,,李起修,2025/6/4,A - 工具設計,李起修,T-26,,10:00,10:25,35,,,0,,561,G56點膠,異常排除,撞針,調機,組立,盧海燕,完成,
178,,李起修,2025/6/4,A - 工具設計,李起修,T-22,,10:30,11:30,19,,,0,,281,IR點膠,異常排除,"陣列2、3之2nd,3rd 溢膠",微調,組立,李雅婷,完成,
179,,李起修,2025/6/4,A - 工具設計,李起修,T-27,,11:30,12:00,50,,,0,,561,G78RT點膠,異常排除,點在RT上,調機,組立,盧海燕,完成,
180,,李起修,2025/6/4,A - 工具設計,李起修,T-05,,16:30,16:40,30,,,0,,23073,IR點膠,異常排除,針歪導致異常，且OP不知道校針,教育校針後OK,組立,蔡素貞,完成,
181,,李起修,2025/6/4,A - 工具設計,李起修,S-30,,16:40,17:10,330,,,0,,23073,Mask點膠,設備功能追加,Y軸可調裝置,OK,組立,蔡素貞,完成,
182,,李起修,2025/6/4,A - 工具設計,李起修,P-2,,18:10,18:40,20,,,0,,23021,G1P2插入機,異常排除,G1受台刮傷鏡片,拋光處理,試作開發,林承翰,完成,
183,,李起修,2025/6/5,A - 工具設計,李起修,T1-15,,11:00,11:15,68,,,0,,24301,P1點膠,異常排除,下Tray 2nd&3rd 第一段膠爬鏡片,膠針校針(01)後OK,組立,黃姿蓉,完成,
184,,鄭大德,2025/6/5,A - 工具設計,鄭大德,,12:00,13:45,14:00,60,,,0,,23070,P1點膠,機台改線,設備復原,重新調整點膠位置,組立,蔡素貞,完成,
185,,李起修,2025/6/5,A - 工具設計,李起修,S-,,10:20,10:50,54,,,0,,23073,FC點膠,設備功能追加,簡易斜點膠機加Y軸可調機構,素真申購4組(已安裝兩組，另兩組缺加工件),組立,蔡素貞,完成,
186,,李起修,2025/6/5,A - 工具設計,李起修,T-22,,13:30,15:20,15,,,0,,281,IR點膠,異常排除,時有膠針過高未點膠,3個矩陣個別微調,組立,陳寶琴,完成,
187,,李起修,2025/6/5,A - 工具設計,李起修,T-24,,16:30,17:00,30,,,0,,570,G4RT點膠,異常排除,刮針(疑重工殘膠),調機,組立,阮碧幸,完成,
188,,葉柏均,2025/6/5,A - 工具設計,葉柏均,T-22,,14:00,17:10,221,,,,,281,IR點膠,異常排除,點膠不穩,調機,組立,李雅婷,完成,
189,,李起修,2025/6/6,A - 工具設計,李起修,T-28,,09:00,10:10,27,,,0,,23070,P1點膠,異常排除,撞針(鏡片),設十字(補雷刻)校針點並微調(程式：70),組立,蔡素貞,完成,
190,,李起修,2025/6/6,A - 工具設計,李起修,T-16,13:30,13:36,13:46,20,,,0,,24301,P2點膠,異常排除,OP清膠誤觸點膠啟動鍵,校針後無爬膠現象,組立,黃姿蓉,完成,
191,,李起修,2025/6/6,A - 工具設計,李起修,P-3,,14:20,14:45,200,,,0,,23021,G3+P4插入機,異常排除,P4吸不起,吸筆塞針吹氣清管,組立,蔡素貞,完成,
192,,李起修,2025/6/6,A - 工具設計,李起修,S-10,,15:30,16:30,160,,,0,,23073,FC點膠,異常排除,Y軸可調裝置追加後重校針,重調(有殘數39pcs待點膠),組立,蔡素貞,完成,
193,,葉柏均,2025/6/6,A - 工具設計,葉柏均,T-22,,14:20,17:10,30,,,0,,281,IR點膠,異常排除,點膠不穩,4 Tray 測高量水平，機檯底Tray 刮表,組立,李雅婷,完成,
194,,李起修,2025/6/9,A - 工具設計,李起修,T4,,09:20,10:00,245,,,0,,23021,G3,異常排除,膠爬鏡片，新手不知校針功能與操作,當場教育訓練後OK,組立,蔡素貞,完成,
195,,李起修,2025/6/10,A - 工具設計,李起修,T-22,,13:20,14:00,50,,,0,,281,IR點膠,異常排除,矩陣3-4th溢膠,微調ok,組立,李雅婷,完成,
196,,李起修,2025/6/10,A - 工具設計,李起修,P-2,,15:20,16:00,40,,,0,,23021,G1P2插入機,異常排除,疑受台造成G1刮傷,無法再現，請產線確認來料部品,組立,蔡素貞,完成,
197,,李起修,2025/6/10,A - 工具設計,李起修,T-29,,16:10,17:10,20,,,0,,570,BG點膠,異常排除,溢膠,更換膠後無,組立,阮碧幸,完成,
198,,李起修,2025/6/11,A - 工具設計,李起修,P-2,,08:55,09:18,26,,,0,,23021,G1P2插入機,異常排除,無同軸治具，P2插入異音,同軸校正後OK,製技,蔡素貞,完成,
199,,李起修,2025/6/11,A - 工具設計,李起修,T-17,,15:40,17:00,150,,,0,,24301,P7點膠,異常排除,製技疑P7點膠站打壓？偏芯NG,打壓+空跑2回皆有1/2偏芯NG，空跑無,組立,雷舒涵,待處理,
200,,鄭大德,2025/6/12,A - 工具設計,鄭大德,T-17、T-16,,14:26,15:00,43,14:26,15:00,0,,24301,P7、P2點膠,異常排除,點膠異常,重新調整點膠位置,組立,黃姿蓉,完成,
201,,鄭大德,2025/6/13,A - 工具設計,鄭大德,SS-7,11:05,11:08,11:20,80,11:05,11:20,0,,21039,S9-1入料,異常排除,無法取料、供給物料馬達動作異常,馬達原復、調整sensor位置,組立,黃姿蓉,完成,
202,,李起修,2025/6/13,A - 工具設計,李起修,T-24,,10:20,11:00,26,,,0,,570,G4RT點膠,異常排除,刮膠,疑重工鎖付缺口變形帶動針偏位,組立,阮碧幸,完成,
203,,李起修,2025/6/13,A - 工具設計,李起修,T-29,,14:00,14:50,25,,,35,,570,BG點膠,異常排除,缺膠(新手作業),微調降針高度,組立,阮碧幸,完成,
204,,李起修,2025/6/16,A - 工具設計,李起修,T-29,09:10,09:20,10:20,235,,,0,,570,BG點膠,異常排除,爬膠(新手作業),疑針歪重校針後OK,組立,阮碧幸,完成,
205,,李起修,2025/6/17,A - 工具設計,李起修,T-16,09:55,09:00,09:12,40,,,0,,24301,P2點膠,異常排除,爬膠(鏡片),校針,組立,黃姿蓉,完成,
206,,李起修,2025/6/17,A - 工具設計,李起修,T-16,,10:30,10:50,170,,,0,,24301,P2點膠,異常排除,第一弧段起點不時微碰barrel,微調,組立,黃姿蓉,完成,
207,,李起修,2025/6/18,A - 工具設計,李起修,T-22,,10:25,11:20,72,,,0,,281,IR點膠,異常排除,膠量不均呈左上規則區域,墊片&透明膠帶用久翹曲移出,組立,李雅婷,完成,
208,,葉柏均,2025/6/19,A - 工具設計,葉柏均,T-22,,09:20,11:00,30,,,0,,281,IR點膠,異常排除,Tray 載台水平校正,原用膠帶貼的方式用久換翹起殘膠,組立,李雅婷,完成,
209,,李起修,2025/6/19,A - 工具設計,李起修,T-27,,09:20,09:50,70,,,0,,561,G78RT點膠,異常排除,針歪(撞針),調機&確認,組立,盧海燕,完成,
210,,李起修,2025/6/19,A - 工具設計,李起修,T-28,,13:30,13:55,40,,,0,,23071,P1點膠,異常排除,塞針&程式碼確認,更換針&確認,組立,蔡素貞,完成,
211,,鄭大德,2025/6/20,A - 工具設計,鄭大德,T-15,09:54,09:56,10:15,40,09:54,10:15,40,,24301,P1點膠,異常排除,針歪(撞針),重新調整點膠位置、改善打壓動作,組立,黃姿蓉,完成,
212,,李起修,2025/6/20,A - 工具設計,李起修,T-27、T-25,,09:30,10:00,15,,,0,,561,561-G78RT、G23RT,異常排除,溢膠&換膠,重工品刮針微調,組立,盧海燕,完成,
213,,葉柏均,2025/6/20,A - 工具設計,葉柏均,T-21,,15:30,16:40,50,,,0,,281,Mount點膠,異常排除,新手作業撞針,校針程式教學,組立,李雅婷,完成,
214,,李起修,2025/6/23,A - 工具設計,李起修,B-30,,08:55,09:30,60,,,0,,23021,G3打壓,異常排除,拋光&安裝,無同軸校正治具，佔用實物校正,組立,蔡素貞,完成,
215,,李起修,2025/6/23,A - 工具設計,李起修,T-29,,11:00,12:20,30,,,0,,570,BG點膠,異常排除,溢膠,更換膠與拉高針頭,組立,阮碧幸,完成,
216,,李起修,2025/6/24,A - 工具設計,李起修,CPU-1,,09:00,11:00,40,,,0,,13207,G1點膠,機台改線,復機設定,待物料調機,組立,黃琪雯、林昆達,完成,
217,,李起修,2025/6/24,A - 工具設計,李起修,S-11、12、14,,13:30,16:00,130,,,0,,13207,G2、UV、FC點膠,機台改線,復機設定,待物料調機,組立,黃琪雯、林昆達,完成,
218,,李起修,2025/6/25,A - 工具設計,李起修,S-30,,10:20,11:30,70,,,0,,23073,Mask點膠,機台改線,原專用被產線臨改它型號用,調機,組立,李雅婷,完成,
219,,李起修,2025/6/25,A - 工具設計,李起修,T-29,,13:20,13:50,60,,,0,,570,BG,異常排除,溢膠,微調,組立,阮碧幸,完成,
220,,李起修,2025/6/25,A - 工具設計,李起修,T-27,,13:50,14:20,30,,,0,,561,G78RT點膠,異常排除,刮針,Gm9RT站是OK的，微調針高度,組立,阮碧幸,完成,
221,,李起修,2025/6/25,A - 工具設計,李起修,S-25,,17:50,18:50,220,,,0,,20007-AS2,RT1 點膠,機台改線,量大手點改簡易斜點膠(S-25),借用260線閒置機台,組立,李雅婷,完成,
222,,李起修,2025/6/26,A - 工具設計,李起修,S-30,,09:10,10:30,100,,,0,,23073,Mask點膠,異常排除,產線自改#22針外觀異常,更回#24針並加離子風扇降溫膠管,組立,李雅婷,完成,
223,,李起修,2025/6/26,A - 工具設計,李起修,24301電測機D&E,,10:30,12:00,40,,,0,,24301,電測1,機台改線,電測螢幕至桌下做業者不易檢視,上移桌面,組立,黃姿蓉,完成,
224,,李起修,2025/6/27,A - 工具設計,李起修,拆解治具設定,,09:10,10:00,74,,,0,,,拆解,機台改線,新設置,設置&螢幕上移桌面(昆達要望),組立,黃琪雯、林昆達,完成,
225,,李起修,2025/6/27,A - 工具設計,李起修,T-27,,10:20,10:45,20,,,0,,561,G78RT點膠,異常排除,缺膠,膠稠&570-BG對調OK,組立,盧海燕,完成,
226,,李起修,2025/6/27,A - 工具設計,李起修,T-29,,10:45,10:50,65,,,0,,570,BG,異常排除,溢膠,膠稀&561-G78RT對調OK,組立,阮碧幸,完成,
227,,李起修,2025/6/27,A - 工具設計,李起修,T-27,,11:00,11:40,110,,,0,,561,Gm9RT,異常排除,無膠,膠稠&570-BG對調OK,組立,盧海燕,完成,
228,,李起修,2025/6/27,A - 工具設計,李起修,24301電測機B&C,,13:40,15:30,82,,,0,,24301,電測2,機台改線,電測螢幕至桌下做業者不易檢視,上移桌面,組立,賴惠珠,完成,
229,,李起修,2025/6/27,A - 工具設計,李起修,S-30,,18:25,18:45,350,,,0,,23073,Mask點膠,異常排除,塞針？,新手作業不知檯燈不能過近針頭&用黏土保護,組立,張志榮,完成,
230,,李起修,2025/6/30,A - 工具設計,李起修,T-06,,09:15,10:20,50,,,0,,23021,IR點膠,異常排除,點二回？氣壓已上限0.5MPa,重調位置(間隙過大，惠珠統一向左)，9顆=>16顆,組立,賴惠珠,完成,
231,,李起修,2025/6/30,A - 工具設計,李起修,T-29,,11:00,11:45,70,,,0,,570,BG點膠,異常排除,更換(G78RT稠膠)無溢膠但偶缺膠,微調下降0.01(6/27已下調0.03),組立,阮碧幸,完成,
232,,李起修,2025/6/30,A - 工具設計,李起修,氣密,,13:30,15:40,60,,,0,,23021,氣密,機台改線,3F-->2F，未優化定位,螢幕&氣密機上移，讓操作者一目了然掌握資訊,組立,阮碧幸,完成,
233,,李起修,2025/7/1,A - 工具設計,李起修,T-24,,09:30,10:10,60,,,0,,570,G4RT點膠,異常排除,刮針,刮針,組立,阮碧幸,完成,
234,,李起修,2025/7/1,A - 工具設計,李起修,S-30,,10:25,11:20,20,,,0,,23073,Mask點膠,機台改線,更換新膠座,原廠膠+專用氣管連接件,組立,李雅婷,完成,
235,,李起修,2025/7/1,A - 工具設計,李起修,T-29,,11:30,12:15,74,,,0,,570,BG點膠,異常排除,缺膠,缺膠,組立,阮碧幸,完成,
236,,李起修,2025/7/1,A - 工具設計,李起修,24301 螢幕上移(預),,16:35,17:07,30,,,0,,24301,電測(預備),機台改線,騰出桌面部品測試空間,螢幕上移,組立,黃姿蓉,完成,
237,,李起修,2025/7/2,A - 工具設計,李起修,T-24,,09:25,10:10,60,,,0,,570,G4RT點膠,異常排除,溢膠(為刮針),調整,組立,阮碧幸,完成,
238,,李起修,2025/7/3,A - 工具設計,李起修,T-05,,09:00,10:30,40,,,0,,23073,BG點膠,異常排除,舊Tray 只點三顆(12p/Tray),調整12p,組立,李雅婷,完成,
239,,李起修,2025/7/3,A - 工具設計,李起修,S-30,,13:30,13:50,195,,,0,,23073,Mask點膠,異常排除,下針點不理想(膠異),調整更接近溝巢正中心,組立,李雅婷,完成,
240,,李起修,2025/7/3,A - 工具設計,李起修,T-29,,14:20,17:10,50,,,0,,570,BG點膠,異常排除,溢膠&當機,成功開機後並更換膠確認ok,組立,阮碧幸,完成,
241,,李起修,2025/7/4,A - 工具設計,李起修,T-06,,09:10,09:20,100,,,0,,23021,IR點膠,異常排除,撞針(疑部品未靠左旋轉到味),教育訓練校針後ok,組立,賴惠珠,完成,
242,,李起修,2025/7/4,A - 工具設計,李起修,T-05,,09:40,12:00,40,,,0,,23073,BG點膠,異常排除,更換新Tray(3組)重新調機,重設校針點與程式，3 Tray皆測試完成上線,組立,李雅婷,完成,
243,,李起修,2025/7/4,A - 工具設計,李起修,T-29,,13:20,15:20,0,,,0,,570,BG點膠,異常排除,特徵辨識失敗頻率高,拿現品重設特徵測試完成,組立,阮碧幸,完成,
244,,李起修,2025/7/8,A - 工具設計,李起修,T-05,,14:00,15:25,20,,,0,,23073,BG點膠,異常排除,12p/Tray 只使用6顆,全盤點膠,組立,李雅婷,完成,
245,,李起修,2025/7/9,A - 工具設計,李起修,S-30,,09:20,09:50,19,,,0,,23073,Mask點膠,異常排除,冰箱拿回膠調機不易,先幫忙調機，找時機測試膠針座,組立,李雅婷,完成,
246,,李起修,2025/7/9,A - 工具設計,李起修,T-29,,09:55,10:30,55,,,0,,570,BG點膠,異常排除,下半爬膠(偶而),下降針高度,組立,阮碧幸,完成,
247,,李起修,2025/7/9,A - 工具設計,李起修,T-24,,13:40,14:10,100,,,0,,570,G4RT點膠,異常排除,膠沾RT,調機,組立,阮碧幸,完成,
248,,李起修,2025/7/10,A - 工具設計,李起修,T-29,,09:00,10:20,135,,,0,,570,BG點膠,異常排除,撞針,校針與試點,組立,阮碧幸,完成,
249,,李起修,2025/7/10,A - 工具設計,李起修,S-30,,13:50,14:30,19,,,0,,23073,Mask點膠,異常排除,校針調機,Mask 鬆動針過押導致點膠異常,組立,李雅婷,完成,
250,,李起修,2025/7/11,A - 工具設計,李起修,T-26,,09:30,09:50,60,,,0,,561,G4點膠,異常排除,剩膠點膠異常,更新,組立,盧海燕,完成,
251,,李起修,2025/7/11,A - 工具設計,李起修,SS-5,,11:00,12:20,40,,,0,,21039,G2,機台保養,異音,保養,組立,黃姿蓉,完成,
252,,李起修,2025/7/14,A - 工具設計,李起修,T-24,,10:30,11:40,30,,,0,,570,G4RT點膠,異常排除,撞針處理,校針與調機,組立,阮碧幸,完成,
253,,李起修,2025/7/25,A - 工具設計,李起修,T-24,,11:10,11:55,30,,,0,,570,G4RT點膠,異常排除,疑重工品刮針,微調,組立,阮碧幸,完成,
254,,李起修,2025/7/28,A - 工具設計,李起修,T-24,,10:10,10:40,50,,,0,,570,G4RT點膠,異常排除,歪針,調機,組立,阮碧幸,完成,
255,,李起修,2025/7/29,A - 工具設計,李起修,T-20,,13:40,16:00,70,,,0,,21028,IR點膠,更換零件,力璽XY更換底Tray&校正,重調,組立,黃嘉惠,完成,
256,,李起修,2025/7/30,A - 工具設計,李起修,T-20,,09:00,10:00,30,,,0,,21028,IR點膠,異常排除,塞針&高度調整,更換出膠氣管線&位置微調整,組立,黃嘉惠,完成,
257,,李起修,2025/8/1,A - 工具設計,李起修,T-16,,09:20,10:00,33,,,0,,24301,P2點膠,異常排除,撞針導致異常,校針後仍有膠多(剛換膠)調機OK,組立,黃姿蓉,完成,
258,,李起修,2025/8/4,A - 工具設計,李起修,CPU-14,,09:00,11:00,8,,,0,,20056,BG,機台改線,先前產線拆除復原,復原&測試,組立,阮碧幸,完成,
259,,李起修,2025/8/4,A - 工具設計,李起修,S-21,,11:10,11:50,170,,,0,,19003,FC,異常排除,稽核前復原,以舊SOP條件復原05版,組立,黎氏鳳,完成,
260,,李起修,2025/8/4,A - 工具設計,李起修,S-18,,13:35,13:55,60,,,0,,20007,FC,異常排除,無法啟動,設定錯誤,組立,阮碧幸,完成,
261,,李起修,2025/8/4,A - 工具設計,李起修,S-25,,16:00,18:10,15,,,0,,20007-AS2,RT1 點膠,機台改線,手點改簡易斜點膠機調機,調機OK，測試11pcs,組立,阮碧幸,完成,
262,,李起修,2025/8/5,A - 工具設計,李起修,T-06,,10:15,11:00,68,,,0,,23069,P1點膠,機台改線,改另台調機(原563上線),調機,組立,蔡素真,待處理,
263,,李起修,2025/8/5,A - 工具設計,李起修,P-45,,11:00,14:10,90,,,0,,271,"G4,G56,G78插入機",異常排除,新人操作不當撞機,G4組裝異常校正,組立,黃玉紅,完成,
264,,李起修,2025/8/5,A - 工具設計,李起修,T-15,,14:10,14:40,150,,,0,,24301,P1點膠,異常排除,撞針,校針後OK,組立,黃玉紅,完成,
265,,李起修,2025/8/5,A - 工具設計,李起修,T-28,,15:30,16:45,16,,,0,,563,G5點膠,機台改線,23069-P1==>563-G5,調機，測試OK(4pcs olny),組立,阮碧幸,完成,
266,,李起修,2025/8/6,A - 工具設計,李起修,,,09:00,10:50,96,,,0,,23073,FC點膠,機台改線,barcodereader 配線,接線測試OK，榮村設定,組立,李雅婷,完成,
267,,李起修,2025/8/6,A - 工具設計,李起修,T-06,,13:30,15:30,180,,,0,,23069,P1點膠,機台改線,暫借23021-IR,"調機(#26,0.42MPa,程式69,校針60)",組立,蔡素真,完成,
268,,李起修,2025/8/7,A - 工具設計,李起修,T-26,,11:10,12:15,40,,,0,,561,G56RT,異常排除,點膠沾Retainer,調機,組立,盧海燕,完成,
269,,李起修,2025/8/8,A - 工具設計,李起修,T-26,,14:10,14:45,77,,,0,,561,G56RT,異常排除,歪針校正,調機,組立,盧海燕,完成,
270,,李起修,2025/8/11,A - 工具設計,李起修,S-30,,09:00,09:30,10,,,0,,23073,Mask點膠,異常排除,凸膠&溢膠,調機(教學寶琴),組立,陳寶琴,完成,
271,,李起修,2025/8/11,A - 工具設計,李起修,T-02,,10:20,11:30,20,,,0,,563,IR點膠,機台改線,原IR點膠被改它型號,清膠針座與實物調機(樣品僅3pcs)OK,組立,阮碧幸,完成,
272,,李起修,2025/8/11,A - 工具設計,李起修,T-10,,14:00,15:30,80,,,0,,19003,FC點膠,機台改線,改小Tray,重調機測試OK，產線續作,組立,黎氏鳳,完成,
273,,李起修,2025/8/11,A - 工具設計,李起修,T-10,,15:30,16:20,10,,,0,,568,FC點膠,機台改線,改小Tray,重調機測試OK，缺料無驗證,組立,黎氏鳳,完成,
274,,李起修,2025/8/12,A - 工具設計,李起修,S-8,,11:00,12:00,70,,,0,,19008,FC點膠,機台改線,366改,調機確認OK,組立,黃琪雯,完成,
275,,李起修,2025/8/12,A - 工具設計,李起修,T-22,,13:50,16:35,80,,,0,,23073,FC點膠,機台改線,簡易斜點膠機改中壓式,機台搬移架設與整線，功能確認,組立,李雅婷,完成,
276,,李起修,2025/8/13,A - 工具設計,李起修,P-65,,11:20,11:50,37,,,0,,568,4in1插入機,異常排除,移入與開機確認,待測試,組立,黎氏鳳,完成,
277,,李起修,2025/8/13,A - 工具設計,李起修,T-10,,09:00,10:00,140,,,0,,19003,FC點膠,異常排除,搬移,19003點膠確認OK，568無料待確認,組立,黎氏鳳,完成,
278,,李起修,2025/8/13,A - 工具設計,李起修,T-22,,10:20,11:10,210,,,0,,281,IR點膠,異常排除,點膠位置偏位,校正,組立,李雅婷,完成,
279,,李起修,2025/8/14,A - 工具設計,李起修,S-30,,13:25,14:30,13,,,0,,23073,Mask點膠,異常排除,昆達亂改參數與條件,調回先前測試OK,組立,李雅婷,完成,
280,,李起修,2025/8/15,A - 工具設計,李起修,T-16,,18:30,19:30,13,,,0,,24301,P2點膠,異常排除,線段結速點凸點,效針,組立,黃玉紅,完成,
281,,李起修,2025/8/18,A - 工具設計,李起修,T-16,,09:35,11:10,29,,,0,,24301,P2點膠,異常排除,上Tray 3rd結速點凸&幾乎中間凹陷,調整結速點位置並微降針高度,組立,黃玉紅,完成,
282,,李起修,2025/8/18,A - 工具設計,李起修,T-20,,16:20,18:10,30,,,0,,21028,IR點膠,異常排除,膠量偏少,微調出膠開與關之間等待時見間,組立,許凱婷,完成,
283,,李起修,2025/8/19,A - 工具設計,李起修,T-07,,09:00,12:00,60,,,0,,281,Mount點膠,機台改線,原T-26(視覺)將改IR,XY-table XYZ軸保養(T-07屬老舊設備),組立,黃嘉惠,完成,
284,,李起修,2025/8/19,A - 工具設計,李起修,T-12,,13:20,14:20,70,,,0,,561,G1RT點膠,異常排除,爬膠,調機,組立,盧海燕,完成,
285,,李起修,2025/8/19,A - 工具設計,李起修,T-20,,14:40,16:00,80,,,0,,21028,IR點膠,異常排除,疑膠異常更換膠&清洗膠針座組,該站產線OP未更換膠教學,組立,楊瓊瑛,完成,
286,,李起修,2025/8/21,A - 工具設計,李起修,T-26,,10:30,11:00,45,,,0,,561,G56RT,異常排除,換膠(螺桿閥),排膠&測試(5pcs),組立,盧海燕,完成,
287,,李起修,2025/8/21,A - 工具設計,李起修,T-21,,13:20,14:00,114,,,0,,281,Mount點膠,異常排除,撞針,換針與校針,組立,黃嘉惠,完成,
288,,李起修,2025/8/21,A - 工具設計,李起修,T-01,,14:30,16:00,20,,,0,,22001,G4點膠,機台改線,移設備(XY-table),箝置作業(整線、修理控制線、設備機能測試),組立,楊瓊瑛,完成,
289,,李起修,2025/8/22,A - 工具設計,李起修,S-08,,10:10,10:40,171,,,0,,366,FC點膠,機台改線,19008==>366,機種切換調機,組立,黃琪雯,完成,
290,,李起修,2025/8/22,A - 工具設計,李起修,T-28,,11:20,12:10,10,,,0,,563,G5點膠,異常排除,缺膠,調機校針,組立,阮碧幸,完成,
291,,李起修,2025/8/22,A - 工具設計,李起修,T-01,,14:10,16:40,53,,,0,,22001,G4點膠,機台改線,XY-Table 調機(原585改),建興提供未塗墨測試品2pcs調機OK,組立,楊瓊瑛,完成,
292,,李起修,2025/8/26,A - 工具設計,李起修,CPU-14,,14:30,17:00,130,,,0,,23073,FC點膠,機台改線,中壓斜點膠機 2nd 搬移 ,定位整線機能確認,組立,林昆達,完成,
293,,李起修,2025/8/27,A - 工具設計,李起修,T-01,,09:00,10:30,60,,,0,,22001,G4點膠,異常排除,爬膠,底Tray水平NG，暫以膠帶調整,組立,許凱婷,完成,
294,,李起修,2025/8/27,A - 工具設計,李起修,T-15,,10:30,11:50,68,,,0,,24301,P1點膠,異常排除,撞針,R2版，打壓瞬間拉起P1,組立,黃玉紅,完成,
295,,李起修,2025/8/27,A - 工具設計,李起修,CPU-13,,13:40,15:30,43,,,0,,23073,FC點膠,機台改線,中壓式點膠1st 調機,3D版偏擺,組立,林昆達,完成,
296,,李起修,2025/8/29,A - 工具設計,李起修,T-15,,09:00,09:30,30,,,0,,24301,P1點膠,機台改線,切回正版，凸點溢膠,確認下針高度&微降出膠壓力,組立,黃玉紅,完成,
297,,李起修,2025/8/29,A - 工具設計,李起修,T-01,,10:20,11:30,73,,,0,,22001,G4點膠,異常排除,點膠Tray 緊,微拉高針頭但第三排外觀NG，補墊膠帶暫處理,組立,許凱婷,完成,
298,,李起修,2025/8/29,A - 工具設計,李起修,T-15,,13:30,14:20,12,,,0,,24301,P1點膠,異常排除,打壓帶起P1撞針,暫拔掉通電(吸筆)觀察,組立,黃玉紅,完成,
299,,李起修,2025/8/29,A - 工具設計,李起修,S-22,,14:40,16:40,55,,,0,,20007,RT2點膠,機台改線,追加簡易斜點,調機,組立,阮碧幸,完成,
300,,李起修,2025/9/1,A - 工具設計,李起修,S-22,,09:00,09:30,50,,,0,,20007,RT2點膠,異常排除,外觀異常,膠凸微調,組立,阮碧幸,完成,
301,,李起修,2025/9/1,A - 工具設計,李起修,T-01,,10:20,12:00,50,,,0,,22001,G4點膠,異常排除,OP判外觀NG,微調後(並出膠量微調大)OK,組立,黃嘉惠,完成,
302,,李起修,2025/9/2,A - 工具設計,李起修,S-11,,09:00,11:30,70,,,0,,22001,FC點膠,機台改線,移機台調機,調機,組立,許凱婷,完成,
303,,李起修,2025/9/2,A - 工具設計,李起修,T-15,,11:30,13:50,90,,,0,,24301,P1點膠,異常排除,P1打壓帶起，吐膠當機,調機,組立,黃玉紅,完成,
304,,李起修,2025/9/2,A - 工具設計,李起修,S-10,,14:00,14:50,148,,,0,,23073,FC點膠,異常排除,出膠異常,機台出膠線損重做，更換Relay,組立,陳寶琴,完成,
305,,李起修,2025/9/2,A - 工具設計,李起修,T-06,,15:40,17:00,135,,,0,,23069,P1點膠,異常排除,膠量判定不 一調整,以製程判定調整，針不碰P1鏡片,組立,蔡素真,完成,
306,,李起修,2025/9/3,A - 工具設計,李起修,T1-16,,09:00,09:55,17,,,0,,24301,P2點膠,異常排除,缺膠,調機,組立,黃玉紅,完成,
307,,李起修,2025/9/3,A - 工具設計,李起修,S-11,,09:55,10:20,75,,,0,,22001,FC點膠,異常排除,機台被切換Time模式&刮針旋轉,無吸針空3D受台鬆配針需調整不碰觸部品,組立,許凱婷,完成,
308,,李起修,2025/9/3,A - 工具設計,李起修,T-15,,10:30,11:40,60,,,0,,24301,P1點膠,異常排除,溢膠,調機,組立,黃玉紅,完成,
309,,李起修,2025/9/3,A - 工具設計,李起修,T-06,,11:50,12:15,49,,,0,,23069,P1點膠,異常排除,膠仍太少換針(#24==>#23),重調，避免碰觸敏感P1，針懸空,組立,蔡素真,完成,
310,,李起修,2025/9/3,A - 工具設計,李起修,CPU-02,,13:20,13:50,40,,,0,,568,G1點膠,異常排除,右邊#1機塞針(黑膠),換針&調機,組立,黎氏鳳,完成,
311,,李起修,2025/9/3,A - 工具設計,李起修,T-28,,14:40,15:40,29,,,0,,563,SP3點膠,異常排除,Tray盤被借用承靠面刮傷處理,拋光處理,組立,阮碧幸,完成,
312,,李起修,2025/9/3,A - 工具設計,李起修,T-15,,16:00,16:50,43,,,0,,24301,P1點膠,異常排除,新人錯放撞針,換針調機,組立,黃玉紅,完成,
313,,李起修,2025/9/4,A - 工具設計,李起修,S-11,,09:20,10:00,40,,,0,,22001,FC點膠,異常排除,受台同軸微NG與無吸真空,懸空針，避免碰觸Barrel停滯溢膠,組立,許凱婷,完成,
314,,李起修,2025/9/4,A - 工具設計,李起修,S-22,,10:00,10:30,45,,,0,,20007,RT2點膠,異常排除,膠針座干涉無法換膠(針準位鬆動),換膠與調機,組立,阮碧幸,完成,
315,,李起修,2025/9/5,A - 工具設計,李起修,T-16,,09:00,09:30,95,,,0,,24301,P2點膠,異常排除,膠凸點,模式(Time)切錯NG，微調,組立,黃玉紅,完成,
316,,李起修,2025/9/5,A - 工具設計,李起修,S-14,,10:30,18:40,170,,,0,,22001,IR點膠,機台改線,調機(補裝Y軸可調，X軸可調),3D列印受台同軸調整,組立,許凱婷,完成,
317,,李起修,2025/9/8,A - 工具設計,李起修,T-15,,08:50,09:20,39,,,0,,24301,P1點膠,異常排除,撞針,換針&調機,組立,黃姿蓉,完成,
318,,李起修,2025/9/8,A - 工具設計,李起修,SS-5,,13:20,14:55,90,,,0,,21039,G2熔著,機台保養,異音,Y軸*2，X軸*1,組立,黃姿蓉,完成,
319,,李起修,2025/9/9,A - 工具設計,李起修,T-01,,10:20,11:00,10,,,0,,22001,G4點膠,異常排除,刮針,貼膠帶暫矯正載台水平,組立,許凱婷,完成,
320,,李起修,2025/9/9,A - 工具設計,李起修,S-16,,13:30,14:00,20,,,0,,417,G1點膠,機台改線,客訴問題模擬(玉樹),調機架設點位,製技,晉玉樹,完成,
321,,李起修,2025/9/9,A - 工具設計,李起修,T-07,,14:10,16:30,58,,,0,,281,Mount點膠,機台改線,新#1新制點膠Tray,移入設定,組立,黃嘉惠,完成,
322,,李起修,2025/9/9,A - 工具設計,李起修,T-05,,16:30,18:50,25,,,0,,23073,Mount點膠,異常排除,出膠異常(塞針)，清膠後爆量,更換小一號針與拉快時間,組立,李雅婷,完成,
323,,李起修,2025/9/10,A - 工具設計,李起修,T-05,,09:10,11:20,24,,,0,,23073,Mount點膠,設備功能追加,膠少改回#22,調機,組立,陳寶琴,完成,
324,,李起修,2025/9/10,A - 工具設計,李起修,T-07,,13:20,15:00,35,,,0,,281,Mount點膠,機台改線,新#1設定(產線又整理位置拔除管線),定傑調機前前置作業,組立,黃嘉惠,完成,
325,,李起修,2025/9/11,A - 工具設計,李起修,T-06,,10:30,11:50,40,,,0,,23073,Mount點膠,異常排除,Tray盤新舊差異,調機,組立,李雅婷,完成,
326,,李起修,2025/9/16,A - 工具設計,李起修,T-17,,11:20,12:10,30,,,0,,24301,P7點膠,異常排除,撞針,調機，另產線換膠NG漏氣調整,組立,黃玉紅,完成,
327,,李起修,2025/9/16,A - 工具設計,李起修,T-21,,10:13,10:55,16,,,0,,281,Mount點膠,異常排除,新人誤操作當機與點位異常,調機,組立,黃嘉惠,完成,
328,,李起修,2025/9/16,A - 工具設計,李起修,T-13,,13:30,14:20,20,,,0,,281,Mount點膠,機台改線,新#2實點測試(定傑已調好),3 Tray OK,組立,黃嘉惠,完成,
329,,李起修,2025/9/16,A - 工具設計,李起修,S-16,,15:20,17:05,10,,,0,,417,G1點膠,機台改線,調機(9/23(二)G社來訪),#25，0.25MPa，8~13mg,製技,晉玉樹,完成,
