<?xml version="1.0"?>
<doc>
    <assembly>
        <name>Calin.CSharp</name>
    </assembly>
    <members>
        <member name="T:Calin.CSharp.Collection.ListExtension">
            <summary>
            List擴充功能。
            </summary>
        </member>
        <member name="M:Calin.CSharp.Collection.ListExtension.ListToDataTable``1(System.Collections.Generic.List{``0})">
            <summary>
            List&lt;T&gt; 轉換 DataTable。
            </summary>
            <param name="items">待轉換的 List&lt;T&gt;</param>
            <returns>轉換後的 DataTable</returns>
        </member>
        <member name="M:Calin.CSharp.Collection.ListExtension.DataTableToList``1(System.Data.DataTable)">
            <summary>
            將 DataTable 轉換成 List&lt;T&gt;。
            </summary>
            <param name="dt">待轉換的 DataTable。</param>
            <returns>轉換後的 List&lt;T&gt;。</returns>
            <remarks>程式碼來源: <see href="https://stackoverflow.com/questions/1427484/convert-datatable-to-listt">Convert DataTable to List&lt;T&gt;</see>。</remarks>
        </member>
        <member name="T:Calin.CSharp.Core.MultimediaTimer">
            <summary>
            基於 <see href="https://learn.microsoft.com/en-us/windows/win32/multimedia/multimedia-timers">Multimedia Timers API</see> 的計時器，精度為 1 ms。
            </summary>
        </member>
        <member name="M:Calin.CSharp.Core.MultimediaTimer.#ctor">
            <summary>
            建構函式。
            </summary>
        </member>
        <member name="M:Calin.CSharp.Core.MultimediaTimer.Finalize">
            <summary>
            解構函式。
            </summary>
        </member>
        <member name="P:Calin.CSharp.Core.MultimediaTimer.Interval">
            <summary>
            計時器的周期（以毫秒為單位）。
            </summary>
        </member>
        <member name="P:Calin.CSharp.Core.MultimediaTimer.Resolution">
            <summary>
            計時器的分辨率（以毫秒為單位）。最小解析度為 0，表示盡可能高的解析度。
            </summary>
        </member>
        <member name="P:Calin.CSharp.Core.MultimediaTimer.IsRunning">
            <summary>
            取得計時器是否已啟動。
            </summary>
        </member>
        <member name="M:Calin.CSharp.Core.MultimediaTimer.Delay(System.Int32,System.Threading.CancellationToken)">
            <summary>
            
            </summary>
            <param name="millisecondsDelay"></param>
            <param name="token"></param>
            <returns></returns>
            <exception cref="T:System.ArgumentOutOfRangeException"></exception>
            <exception cref="T:System.ComponentModel.Win32Exception"></exception>
        </member>
        <member name="M:Calin.CSharp.Core.MultimediaTimer.Start">
            <summary>
            啟動計時器。
            </summary>
        </member>
        <member name="M:Calin.CSharp.Core.MultimediaTimer.Stop">
            <summary>
            停止計時器。
            </summary>
            <exception cref="T:System.InvalidOperationException"></exception>
        </member>
        <member name="E:Calin.CSharp.Core.MultimediaTimer.Elapsed">
            <summary>
            發生於 Internal 耗盡時的事件。
            </summary>
        </member>
        <member name="M:Calin.CSharp.Core.MultimediaTimer.Dispose">
            <summary>
            釋放 Unmanaged 資源。
            </summary>
        </member>
        <member name="T:Calin.CSharp.Core.ReusableCancellationTokenSource">
            <summary>
            線程安全、多任務共用及可重用的 CancellationTokenSource 封裝。
            </summary>
        </member>
        <member name="P:Calin.CSharp.Core.ReusableCancellationTokenSource.Token">
            <summary>
            取得主 Token，通常用在簡單情境。
            </summary>
        </member>
        <member name="M:Calin.CSharp.Core.ReusableCancellationTokenSource.CreateLinkedToken">
            <summary>
            建立一個新的子 Token，會跟隨主控 CTS 一起被取消。
            </summary>
        </member>
        <member name="M:Calin.CSharp.Core.ReusableCancellationTokenSource.Cancel">
            <summary>
            取消所有任務。
            </summary>
        </member>
        <member name="M:Calin.CSharp.Core.ReusableCancellationTokenSource.Reset">
            <summary>
            重置，讓新任務能用新的 Token。
            </summary>
        </member>
        <member name="M:Calin.CSharp.Core.ReusableCancellationTokenSource.Dispose">
            <summary>
            釋放
            </summary>
        </member>
        <member name="T:Calin.CSharp.Extensions.DeepCopyByExpressionTrees">
            <summary>
            使用Expression Trees的物件深層複製。
            </summary>
            <remarks>程式碼來源: <see href="https://www.codeproject.com/Articles/1111658/Fast-Deep-Copy-by-Expression-Trees-C-Sharp">Fast Deep Copy by Expression Trees (C#)</see></remarks>
        </member>
        <member name="M:Calin.CSharp.Extensions.DeepCopyByExpressionTrees.DeepCopyByExpressionTree``1(``0,System.Collections.Generic.Dictionary{System.Object,System.Object})">
            <summary>
            Superfast deep copier class, which uses Expression trees.
            </summary>
            <typeparam name="T">複製物件類別。</typeparam>
            <param name="original">複製物件。</param>
            <param name="copiedReferencesDict">存放已複製的物件 (Keys: 原始物件, Values: 物件的複製體)。</param>
            <returns>複製後的T物件。</returns>
        </member>
        <member name="T:Calin.CSharp.Extensions.DeepCopyByExpressionTrees.ReferenceEqualityComparer">
            <summary>
            DeepCopyByExpressionTrees之相等比較的方法。
            </summary>
        </member>
        <member name="M:Calin.CSharp.Extensions.DeepCopyByExpressionTrees.ReferenceEqualityComparer.Equals(System.Object,System.Object)">
            <summary>
            判斷兩個物件是否具有相同的值。
            </summary>
        </member>
        <member name="M:Calin.CSharp.Extensions.DeepCopyByExpressionTrees.ReferenceEqualityComparer.GetHashCode(System.Object)">
            <summary>
            傳回這個物件的雜湊碼。
            </summary>
        </member>
        <member name="T:Calin.CSharp.Extensions.IntExtensions">
            <summary>
            int 擴充功能。
            </summary>
        </member>
        <member name="M:Calin.CSharp.Extensions.IntExtensions.RoundUpToPowerOf2(System.Int32)">
            <summary>
            向上調整到最近的 2 的次方
            </summary>
            <param name="n"></param>
            <returns></returns>
            <remarks>.NET Core 3.0+ 或 .NET 5+，有內建可以使用: System.Numerics.BitOperations.RoundUpToPowerOf2(n);</remarks>
        </member>
        <member name="M:Calin.CSharp.Extensions.IntExtensions.RoundDownToPowerOf2(System.Int32)">
            <summary>
            向下調整為最大小於等於它的 2 的次方
            </summary>
            <param name="n"></param>
            <returns></returns>
            <exception cref="T:System.ArgumentException"></exception>
        </member>
        <member name="M:Calin.CSharp.Extensions.IntExtensions.RoundToNearestPowerOf2(System.Int32)">
            <summary>
            四捨五入到最近的 2 的次方
            </summary>
            <param name="n"></param>
            <returns></returns>
        </member>
        <member name="T:Calin.CSharp.Extensions.ObjectCloner">
            <summary>
            使用Newtonsoft.Json的深層物件複製。
            </summary>
            <remarks>程式碼來源: <see href="https://linmasaki09.blogspot.com/2018/07/c-shallow-clonecopydeep-clonecopy.html">C# 建立物件的淺層複製（Shallow Clone/Copy）及深層複製（Deep Clone/Copy） - 2. 使用 Newtonsoft.Json 套件</see><br/>
            參考: <see href="https://dotblogs.com.tw/wasichris/2015/12/03/152540">[C#] 深層複製(Deep Clone)功能實作及應用 - 使用Json.Net複製</see></remarks>
        </member>
        <member name="M:Calin.CSharp.Extensions.ObjectCloner.DeepCloneByJson``1(``0)">
            <summary>
            深層複製
            </summary>
            <typeparam name="T">複製對象類別</typeparam>
            <param name="source">複製對象</param>
            <returns>複製出的物件。</returns>
        </member>
        <member name="T:Calin.CSharp.Extensions.RandomExtensions">
            <summary>
            亂數產生器擴充。
            </summary>
        </member>
        <member name="M:Calin.CSharp.Extensions.RandomExtensions.NextLong(System.Random)">
            <summary>
            產生帶正負號的 64 位元整數亂數。
            </summary>
            <param name="random">亂數產生器。</param>
            <returns>long型態亂數。</returns>
        </member>
        <member name="M:Calin.CSharp.Extensions.RandomExtensions.NextULong(System.Random)">
            <summary>
            產生不帶正負號的 64 位元整數亂數。
            </summary>
            <param name="random">亂數產生器。</param>
            <returns>ulong型態亂數。</returns>
        </member>
        <member name="T:Calin.CSharp.Extensions.StringExtensions">
            <summary>
            string 擴充功能。
            </summary>
        </member>
        <member name="M:Calin.CSharp.Extensions.StringExtensions.ToTitleCase(System.String)">
            <summary>
            將字串改成字首大寫。
            </summary>
        </member>
        <member name="T:Calin.CSharp.Helpers.EnumHelper">
            <summary>
            Enum 輔助函數。
            </summary>
        </member>
        <member name="M:Calin.CSharp.Helpers.EnumHelper.GetDescription(System.Enum)">
            <summary>
            取得 Enum 的 Description。
            </summary>
        </member>
        <member name="T:Calin.CSharp.Security.AES">
            <summary>
            進階加密標準（Advanced Encryption Standard，AES），又稱Rijndael加密法。
            </summary>
            <remarks>公鑰、密鑰最長 16 bytes。<br/>參見: <see href="https://learn.microsoft.com/zh-tw/dotnet/api/system.security.cryptography.aes">Aes 類別</see>。</remarks>
        </member>
        <member name="M:Calin.CSharp.Security.AES.Encrypt(System.String,System.String,System.String)">
            <summary>
            AES加密。
            </summary>
            <param name="plainText">待加密字串。</param>
            <param name="key">公鑰。</param>
            <param name="IV">密鑰。</param>
            <returns>加密後的Base64編碼字串。若為空字串表示演算失敗。</returns>
        </member>
        <member name="M:Calin.CSharp.Security.AES.Decrypt(System.String,System.String,System.String)">
            <summary>
            AES解密。
            </summary>
            <param name="cipherText">待解密的Base64編碼字串。</param>
            <param name="key">公鑰 (128 bits=16 bytes)。</param>
            <param name="IV">密鑰 (128 bits=16 bytes)。</param>
            <returns>解密後的字串。若為空字串表示演算失敗。</returns>
        </member>
        <member name="T:Calin.CSharp.Security.MD5">
            <summary>
            MD5訊息摘要演算法 (MD5 Message-Digest Algorithm)。
            </summary>
        </member>
        <member name="M:Calin.CSharp.Security.MD5.GetMD5Hash(System.String)">
            <summary>
            MD5加密。
            </summary>
            <param name="textToEncrypt">待加密字串。</param>
            <returns>加密後字串。若為空字串表示演算失敗。</returns>
        </member>
        <member name="M:Calin.CSharp.Security.MD5.VerifyMD5Hash(System.String,System.String)">
            <summary>
            驗證MD5值。
            </summary>
            <param name="str">待比較的值。</param>
            <param name="hash">被比較的MD5 Hash字串。</param>
            <returns>驗證結果。</returns>
        </member>
    </members>
</doc>
