﻿{
  "ADGVSortDateTimeASC": "Seřadit od nejstaršího k nejnovějšímu",
  "ADGVSortDateTimeDESC": "Seřadit od nejnovějšího k nejstaršímu",
  "ADGVSortBoolASC": "Seřadit od nepravda k pravda",
  "ADGVSortBoolDESC": "Seřadit od pravda k nepravda",
  "ADGVSortNumASC": "Seřadit od nejmenšího k největšímu",
  "ADGVSortNumDESC": "Seřadit od největšího k nejmenšímu",
  "ADGVSortTextASC": "Seřadit od А to Z",
  "ADGVSortTextDESC": "Seřadit od Z to A",
  "ADGVAddCustomFilter": "Přidat uživatelský filtr",
  "ADGVCustomFilter": "Uživatelský filtr",
  "ADGVClearFilter": "Zrušit filtr",
  "ADGVClearSort": "Zrušit řazení",
  "ADGVButtonFilter": "Filtr",
  "ADGVButtonUndofilter": "Zpět",
  "ADGVNodeSelectAll": "(Vybrat vše)",
  "ADGVNodeSelectEmpty": "(Prázdné)",
  "ADGVNodeSelectTrue": "Pravda",
  "ADGVNodeSelectFalse": "Nepravda",
  "ADGVFilterChecklistDisable": "Seznam pro filtrování je zakázán",
  "ADGVEquals": "rovná se",
  "ADGVDoesNotEqual": "nerovná se",
  "ADGVEarlierThan": "dříve než",
  "ADGVEarlierThanOrEqualTo": "dříve než nebo rovná se",
  "ADGVLaterThan": "později než",
  "ADGVLaterThanOrEqualTo": "později než nebo rovná se",
  "ADGVBetween": "mezi",
  "ADGVGreaterThan": "větší než",
  "ADGVGreaterThanOrEqualTo": "větší než nebo rovná se",
  "ADGVLessThan": "menší než",
  "ADGVLessThanOrEqualTo": "menší než nebo rovná se",
  "ADGVBeginsWith": "začíná",
  "ADGVDoesNotBeginWith": "nezačíná",
  "ADGVEndsWith": "končí",
  "ADGVDoesNotEndWith": "nekončí",
  "ADGVContains": "obsahuje",
  "ADGVDoesNotContain": "neobsahuje",
  "ADGVIncludeNullValues": "obsahovat prázdné řetězce",
  "ADGVInvalidValue": "Nesprávná hodnota",
  "ADGVFilterStringDescription": "Zobrazit řady, kde hodnota {0} \"{1}\"",
  "ADGVFormTitle": "Uživatelský filtr",
  "ADGVLabelColumnNameText": "Zobrazit řady, kde hodnota",
  "ADGVLabelAnd": "a",
  "ADGVButtonOk": "OK",
  "ADGVButtonCancel": "Zpět",
  "ADGVSTBLabelSearch": "Hledat:",
  "ADGVSTBButtonFromBegin": "Od začátku",
  "ADGVSTBButtonCaseSensitiveToolTip": "Zohlednit velikost pímen",
  "ADGVSTBButtonSearchToolTip": "Najít další",
  "ADGVSTBButtonCloseToolTip": "Skrýt",
  "ADGVSTBButtonWholeWordToolTip": "Pouze celá slova",
  "ADGVSTBComboBoxColumnsAll": "(Všechny sloupce)",
  "ADGVSTBTextBoxSearchToolTip": "Hodnota pro hledání"
}
