<PCI1203>
  <DO>
    <Port0>
      <RingNo>0xF</RingNo>
      <SlaveID>0</SlaveID>
      <Description>Port 0   on  [ PCI1203 ]</Description>
      <Slot>SLOT_UNKNOWN</Slot>
      <ByteOffset>0</ByteOffset>
    </Port0>
    <Port1>
      <RingNo>0</RingNo>
      <SlaveID>0x4</SlaveID>
      <Description>Port 0   on  [ AMAX-4856 32-ch Isolated Digital Input/32-ch Isolated Output Et ]</Description>
      <Slot>SLOT_UNKNOWN</Slot>
      <ByteOffset>0</ByteOffset>
    </Port1>
    <Port2>
      <RingNo>0</RingNo>
      <SlaveID>0x4</SlaveID>
      <Description>Port 1   on  [ AMAX-4856 32-ch Isolated Digital Input/32-ch Isolated Output Et ]</Description>
      <Slot>SLOT_UNKNOWN</Slot>
      <ByteOffset>1</ByteOffset>
    </Port2>
    <Port3>
      <RingNo>0</RingNo>
      <SlaveID>0x4</SlaveID>
      <Description>Port 2   on  [ AMAX-4856 32-ch Isolated Digital Input/32-ch Isolated Output Et ]</Description>
      <Slot>SLOT_UNKNOWN</Slot>
      <ByteOffset>2</ByteOffset>
    </Port3>
    <Port4>
      <RingNo>0</RingNo>
      <SlaveID>0x4</SlaveID>
      <Description>Port 3   on  [ AMAX-4856 32-ch Isolated Digital Input/32-ch Isolated Output Et ]</Description>
      <Slot>SLOT_UNKNOWN</Slot>
      <ByteOffset>3</ByteOffset>
    </Port4>
  </DO>
  <DI>
    <Port0>
      <RingNo>0xF</RingNo>
      <SlaveID>0</SlaveID>
      <Description>Port 0   on  [ PCI1203 ]</Description>
      <Slot>SLOT_UNKNOWN</Slot>
      <ByteOffset>0</ByteOffset>
    </Port0>
    <Port1>
      <RingNo>0</RingNo>
      <SlaveID>0x4</SlaveID>
      <Description>Port 0   on  [ AMAX-4856 32-ch Isolated Digital Input/32-ch Isolated Output Et ]</Description>
      <Slot>SLOT_UNKNOWN</Slot>
      <ByteOffset>0</ByteOffset>
    </Port1>
    <Port2>
      <RingNo>0</RingNo>
      <SlaveID>0x4</SlaveID>
      <Description>Port 1   on  [ AMAX-4856 32-ch Isolated Digital Input/32-ch Isolated Output Et ]</Description>
      <Slot>SLOT_UNKNOWN</Slot>
      <ByteOffset>1</ByteOffset>
    </Port2>
    <Port3>
      <RingNo>0</RingNo>
      <SlaveID>0x4</SlaveID>
      <Description>Port 2   on  [ AMAX-4856 32-ch Isolated Digital Input/32-ch Isolated Output Et ]</Description>
      <Slot>SLOT_UNKNOWN</Slot>
      <ByteOffset>2</ByteOffset>
    </Port3>
    <Port4>
      <RingNo>0</RingNo>
      <SlaveID>0x4</SlaveID>
      <Description>Port 3   on  [ AMAX-4856 32-ch Isolated Digital Input/32-ch Isolated Output Et ]</Description>
      <Slot>SLOT_UNKNOWN</Slot>
      <ByteOffset>3</ByteOffset>
    </Port4>
  </DI>
  <AO>
    <Channel0>
      <RingNo>0</RingNo>
      <SlaveID>0x8</SlaveID>
      <Description>Channel 0   on  [ AMAX-4820 4-ch Isolated Analog Output EtherCAT I/O Module ]</Description>
      <Slot>SLOT_UNKNOWN</Slot>
      <ByteOffset>0</ByteOffset>
    </Channel0>
    <Channel1>
      <RingNo>0</RingNo>
      <SlaveID>0x8</SlaveID>
      <Description>Channel 1   on  [ AMAX-4820 4-ch Isolated Analog Output EtherCAT I/O Module ]</Description>
      <Slot>SLOT_UNKNOWN</Slot>
      <ByteOffset>1</ByteOffset>
    </Channel1>
    <Channel2>
      <RingNo>0</RingNo>
      <SlaveID>0x8</SlaveID>
      <Description>Channel 2   on  [ AMAX-4820 4-ch Isolated Analog Output EtherCAT I/O Module ]</Description>
      <Slot>SLOT_UNKNOWN</Slot>
      <ByteOffset>2</ByteOffset>
    </Channel2>
    <Channel3>
      <RingNo>0</RingNo>
      <SlaveID>0x8</SlaveID>
      <Description>Channel 3   on  [ AMAX-4820 4-ch Isolated Analog Output EtherCAT I/O Module ]</Description>
      <Slot>SLOT_UNKNOWN</Slot>
      <ByteOffset>3</ByteOffset>
    </Channel3>
  </AO>
</PCI1203>