{
  "_comment": [
    {
      "Name": "蔡孟堅",
      "Email": "fred.tsai@calin.com.tw"
    },
    {
      "_comment": "如果要使用線上 JSON 編輯器，可以使用以下網址: https://jsoneditoronline.org/"
    }
  ],
  "新建工單": [
    {
      "Name": "吳仁中",
      "Email": "raphael.wu@calin.com.tw"
    }
  ],
  "接單": [
    {
      "Name": "吳仁中",
      "Email": "raphael.wu@calin.com.tw"
    }
  ],
  "維護完成": [
    {
      "Name": "吳仁中",
      "Email": "raphael.wu@calin.com.tw"
    }
  ],
  "確認完成": [
    {
      "Name": "吳仁中",
      "Email": "raphael.wu@calin.com.tw"
    }
  ],
  "取消工單": [
    {
      "Name": "吳仁中",
      "Email": "raphael.wu@calin.com.tw"
    }
  ],
  "轉移工單": [
    {
      "Name": "吳仁中",
      "Email": "raphael.wu@calin.com.tw"
    }
  ]
}
